"time","sineVoltage.i","resistor.i","inductor.i"
0,0,0,0
0.000102,-0.002476183346907179,0.002476183346907179,0.002476183346907179
0.000204,-0.009802695085233593,0.009802695085233593,0.009802695085233593
0.000306,-0.02182101655653815,0.02182101655653815,0.02182101655653815
0.000408,-0.03837116369986828,0.03837116369986828,0.03837116369986828
0.00051,-0.05929107733565217,0.05929107733565217,0.05929107733565217
0.000612,-0.08441623892382295,0.08441623892382295,0.08441623892382295
0.000714,-0.1135796871340814,0.1135796871340814,0.1135796871340814
0.000816,-0.1466126285273971,0.1466126285273971,0.1466126285273971
0.000918,-0.1833442549885239,0.1833442549885239,0.1833442549885239
0.00102,-0.2236021765066607,0.2236021765066607,0.2236021765066607
0.001122,-0.2672120938458259,0.2672120938458259,0.2672120938458259
0.001224,-0.3139982152652726,0.3139982152652726,0.3139982152652726
0.001326,-0.3637833560167928,0.3637833560167928,0.3637833560167928
0.001428,-0.4163893509089143,0.4163893509089143,0.4163893509089143
0.00153,-0.4716370015601368,0.4716370015601368,0.4716370015601368
0.001632,-0.5293460748344435,0.5293460748344435,0.5293460748344435
0.001734,-0.5893358448918254,0.5893358448918254,0.5893358448918254
0.001836,-0.6514250119137595,0.6514250119137595,0.6514250119137595
0.001938,-0.7154321314238123,0.7154321314238123,0.7154321314238123
0.00204,-0.781175497193169,0.781175497193169,0.781175497193169
0.002142,-0.8484734791262409,0.8484734791262409,0.8484734791262409
0.002244,-0.9171448009404878,0.9171448009404878,0.9171448009404878
0.002346,-0.9870084943026523,0.9870084943026523,0.9870084943026523
0.002448,-1.057884250878043,1.057884250878043,1.057884250878043
0.00255,-1.129592709557614,1.129592709557614,1.129592709557614
0.002652,-1.201955321664261,1.201955321664261,1.201955321664261
0.002754,-1.274794953977405,1.274794953977405,1.274794953977405
0.002856,-1.347935737300286,1.347935737300286,1.347935737300286
0.002958,-1.421203514925502,1.421203514925502,1.421203514925502
0.00306,-1.494425972597602,1.494425972597602,1.494425972597602
0.003162,-1.567432790153816,1.567432790153816,1.567432790153816
0.003264,-1.64005576305582,1.64005576305582,1.64005576305582
0.003366,-1.712129059221115,1.712129059221115,1.712129059221115
0.003468,-1.783489506343537,1.783489506343537,1.783489506343537
0.00357,-1.853976664350672,1.853976664350672,1.853976664350672
0.003672,-1.923433051558579,1.923433051558579,1.923433051558579
0.003774,-1.99170433556798,1.99170433556798,1.99170433556798
0.003876,-2.058639437718894,2.058639437718894,2.058639437718894
0.003978,-2.12409075673651,2.12409075673651,2.12409075673651
0.00408,-2.187914451106277,2.187914451106277,2.187914451106277
0.004182,-2.249970494708838,2.249970494708838,2.249970494708838
0.004284,-2.310122647991942,2.310122647991942,2.310122647991942
0.004386,-2.368239119048263,2.368239119048263,2.368239119048263
0.004488,-2.424192403832132,2.424192403832132,2.424192403832132
0.00459,-2.477859199752041,2.477859199752041,2.477859199752041
0.004692,-2.529120899992022,2.529120899992022,2.529120899992022
0.004794,-2.577863890437781,2.577863890437781,2.577863890437781
0.004896,-2.623979322035525,2.623979322035525,2.623979322035525
0.004998,-2.667362834038221,2.667362834038221,2.667362834038221
0.0051,-2.707915909922119,2.707915909922119,2.707915909922119
0.005202,-2.745545141164767,2.745545141164767,2.745545141164767
0.005304,-2.780161955462102,2.780161955462102,2.780161955462102
0.005406,-2.811683529838713,2.811683529838713,2.811683529838713
0.005508,-2.840032851673188,2.840032851673188,2.840032851673188
0.00561,-2.865138323377677,2.865138323377677,2.865138323377677
0.005712,-2.886933450637433,2.886933450637433,2.886933450637433
0.005814,-2.905358426810658,2.905358426810658,2.905358426810658
0.005916,-2.920359112381461,2.920359112381461,2.920359112381461
0.006018,-2.931886511548046,2.931886511548046,2.931886511548046
0.00612,-2.939898166283822,2.939898166283822,2.939898166283822
0.006222,-2.944357783654239,2.944357783654239,2.944357783654239
0.006324,-2.945234809233126,2.945234809233126,2.945234809233126
0.006426,-2.942504191721684,2.942504191721684,2.942504191721684
0.006528,-2.936147886056337,2.936147886056337,2.936147886056337
0.00663,-2.926153536318093,2.926153536318093,2.926153536318093
0.006732,-2.912513966456351,2.912513966456351,2.912513966456351
0.006834,-2.895229142625641,2.895229142625641,2.895229142625641
0.006936,-2.874304755478769,2.874304755478769,2.874304755478769
0.007038,-2.849752009620211,2.849752009620211,2.849752009620211
0.00714,-2.821588711580411,2.821588711580411,2.821588711580411
0.007242,-2.789838539326878,2.789838539326878,2.789838539326878
0.007344,-2.754530157988912,2.754530157988912,2.754530157988912
0.007446,-2.715699010433561,2.715699010433561,2.715699010433561
0.007548,-2.673386109974464,2.673386109974464,2.673386109974464
0.00765,-2.627637506170291,2.627637506170291,2.627637506170291
0.007752,-2.578505376457398,2.578505376457398,2.578505376457398
0.007854,-2.526047448768468,2.526047448768468,2.526047448768468
0.007956,-2.470326317955339,2.470326317955339,2.470326317955339
0.008058,-2.411410111569232,2.411410111569232,2.411410111569232
0.00816,-2.349372354784147,2.349372354784147,2.349372354784147
0.008262,-2.284291214986305,2.284291214986305,2.284291214986305
0.008364,-2.216249799051685,2.216249799051685,2.216249799051685
0.008466,-2.145336340323383,2.145336340323383,2.145336340323383
0.008568,-2.071643390515936,2.071643390515936,2.071643390515936
0.00867,-1.995267845199318,1.995267845199318,1.995267845199318
0.008772,-1.916311374933485,1.916311374933485,1.916311374933485
0.008874,-1.834879569435765,1.834879569435765,1.834879569435765
0.008976,-1.751081746929853,1.751081746929853,1.751081746929853
0.009078,-1.665031561806144,1.665031561806144,1.665031561806144
0.00918,-1.576846127221374,1.576846127221374,1.576846127221374
0.009282,-1.48664566137905,1.48664566137905,1.48664566137905
0.009384,-1.394554190766842,1.394554190766842,1.394554190766842
0.009486,-1.300698687083121,1.300698687083121,1.300698687083121
0.009588,-1.205208617098532,1.205208617098532,1.205208617098532
0.00969,-1.108216638303276,1.108216638303276,1.108216638303276
0.009792,-1.009857795248418,1.009857795248418,1.009857795248418
0.009894,-0.9102690270384507,0.9102690270384507,0.9102690270384507
0.009996,-0.8095897821185669,0.8095897821185669,0.8095897821185669
0.010098,-0.7079612869719029,0.7079612869719029,0.7079612869719029
0.0102,-0.6055261092472641,0.6055261092472641,0.6055261092472641
0.010302,-0.5024285361545945,0.5024285361545945,0.5024285361545945
0.010404,-0.398814032709125,0.398814032709125,0.398814032709125
0.010506,-0.2948288534182434,0.2948288534182434,0.2948288534182434
0.010608,-0.1906201385001807,0.1906201385001807,0.1906201385001807
0.01071,-0.08633560530278203,0.08633560530278203,0.08633560530278203
0.010812,0.0178768372428168,-0.0178768372428168,-0.0178768372428168
0.010914,0.1218691687165747,-0.1218691687165747,-0.1218691687165747
0.011016,0.2254934474423648,-0.2254934474423648,-0.2254934474423648
0.011118,0.3286021557234186,-0.3286021557234186,-0.3286021557234186
0.01122,0.4310483779588475,-0.4310483779588475,-0.4310483779588475
0.011322,0.532685972486339,-0.532685972486339,-0.532685972486339
0.011424,0.6333698457415569,-0.6333698457415569,-0.6333698457415569
0.011526,0.732956158032061,-0.732956158032061,-0.732956158032061
0.011628,0.8313025608777804,-0.8313025608777804,-0.8313025608777804
0.01173,0.9282683772841455,-0.9282683772841455,-0.9282683772841455
0.011832,1.023714776181876,-1.023714776181876,-1.023714776181876
0.011934,1.117505138126548,-1.117505138126548,-1.117505138126548
0.012036,1.20950512801191,-1.20950512801191,-1.20950512801191
0.012138,1.299582792368837,-1.299582792368837,-1.299582792368837
0.01224,1.387609094827542,-1.387609094827542,-1.387609094827542
0.012342,1.473457875678131,-1.473457875678131,-1.473457875678131
0.012444,1.557005838620483,-1.557005838620483,-1.557005838620483
0.012546,1.638133279072402,-1.638133279072402,-1.638133279072402
0.012648,1.716723931054756,-1.716723931054756,-1.716723931054756
0.01275,1.792664821254811,-1.792664821254811,-1.792664821254811
0.012852,1.865847197569152,-1.865847197569152,-1.865847197569152
0.012954,1.93616623896912,-1.93616623896912,-1.93616623896912
0.013056,2.003520913907639,-2.003520913907639,-2.003520913907639
0.013158,2.067814805102185,-2.067814805102185,-2.067814805102185
0.01326,2.128955982729154,-2.128955982729154,-2.128955982729154
0.013362,2.186856749005691,-2.186856749005691,-2.186856749005691
0.013464,2.241434305483315,-2.241434305483315,-2.241434305483315
0.013566,2.292610865033066,-2.292610865033066,-2.292610865033066
0.013668,2.340313265383135,-2.340313265383135,-2.340313265383135
0.01377,2.384473440534095,-2.384473440534095,-2.384473440534095
0.013872,2.425028803314976,-2.425028803314976,-2.425028803314976
0.013974,2.461921728270188,-2.461921728270188,-2.461921728270188
0.014076,2.495099804348482,-2.495099804348482,-2.495099804348482
0.014178,2.524516495753695,-2.524516495753695,-2.524516495753695
0.01428,2.550130502346597,-2.550130502346597,-2.550130502346597
0.014382,2.57190578603881,-2.57190578603881,-2.57190578603881
0.014484,2.589812497344995,-2.589812497344995,-2.589812497344995
0.014586,2.603826227629547,-2.603826227629547,-2.603826227629547
0.014688,2.613927814659113,-2.613927814659113,-2.613927814659113
0.01479,2.620104505860493,-2.620104505860493,-2.620104505860493
0.014892,2.6223491213416,-2.6223491213416,-2.6223491213416
0.014994,2.620659654816968,-2.620659654816968,-2.620659654816968
0.015096,2.615040631965551,-2.615040631965551,-2.615040631965551
0.015198,2.605502206285324,-2.605502206285324,-2.605502206285324
0.0153,2.592059580069163,-2.592059580069163,-2.592059580069163
0.015402,2.574734507428783,-2.574734507428783,-2.574734507428783
0.015504,2.553554322179582,-2.553554322179582,-2.553554322179582
0.015606,2.528551332406678,-2.528551332406678,-2.528551332406678
0.015708,2.499764167165518,-2.499764167165518,-2.499764167165518
0.01581,2.467236980179704,-2.467236980179704,-2.467236980179704
0.015912,2.431018858592398,-2.431018858592398,-2.431018858592398
0.016014,2.391164723428576,-2.391164723428576,-2.391164723428576
0.016116,2.347735000170971,-2.347735000170971,-2.347735000170971
0.016218,2.300794896563372,-2.300794896563372,-2.300794896563372
0.01632,2.250414932646019,-2.250414932646019,-2.250414932646019
0.016422,2.196671004952554,-2.196671004952554,-2.196671004952554
0.016524,2.139643566501922,-2.139643566501922,-2.139643566501922
0.016626,2.079417836230565,-2.079417836230565,-2.079417836230565
0.016728,2.016084174672184,-2.016084174672184,-2.016084174672184
0.01683,1.949737200553744,-1.949737200553744,-1.949737200553744
0.016932,1.880475735175499,-1.880475735175499,-1.880475735175499
0.017034,1.808403403549914,-1.808403403549914,-1.808403403549914
0.017136,1.73362772152531,-1.73362772152531,-1.73362772152531
0.017238,1.656259833371667,-1.656259833371667,-1.656259833371667
0.01734,1.576415252930896,-1.576415252930896,-1.576415252930896
0.017442,1.494212953181658,-1.494212953181658,-1.494212953181658
0.017544,1.409774955282538,-1.409774955282538,-1.409774955282538
0.017646,1.323227128720389,-1.323227128720389,-1.323227128720389
0.017748,1.23469831197652,-1.23469831197652,-1.23469831197652
0.01785,1.144319808920523,-1.144319808920523,-1.144319808920523
0.017952,1.052226174559769,-1.052226174559769,-1.052226174559769
0.018054,0.9585543912657758,-0.9585543912657758,-0.9585543912657758
0.018156,0.8634433241063544,-0.8634433241063544,-0.8634433241063544
0.018258,0.7670344288737142,-0.7670344288737142,-0.7670344288737142
0.01836,0.6694709795080513,-0.6694709795080513,-0.6694709795080513
0.018462,0.5708976479973082,-0.5708976479973082,-0.5708976479973082
0.018564,0.471460843422901,-0.471460843422901,-0.471460843422901
0.018666,0.3713082570933335,-0.3713082570933335,-0.3713082570933335
0.018768,0.2705884241605668,-0.2705884241605668,-0.2705884241605668
0.01887,0.1694508025817741,-0.1694508025817741,-0.1694508025817741
0.018972,0.0680455343640658,-0.0680455343640658,-0.0680455343640658
0.019074,-0.03347698254505443,0.03347698254505443,0.03347698254505443
0.019176,-0.1349661843335255,0.1349661843335255,0.1349661843335255
0.019278,-0.2362714784377647,0.2362714784377647,0.2362714784377647
0.01938,-0.3372426258201695,0.3372426258201695,0.3372426258201695
0.019482,-0.4377299211849615,0.4377299211849615,0.4377299211849615
0.019584,-0.5375843256413797,0.5375843256413797,0.5375843256413797
0.019686,-0.6366577750133166,0.6366577750133166,0.6366577750133166
0.019788,-0.7348033821543887,0.7348033821543887,0.7348033821543887
0.01989,-0.8318756435816757,0.8318756435816757,0.8318756435816757
0.019992,-0.9277306533136893,0.9277306533136893,0.9277306533136893
0.020094,-1.022226271007591,1.022226271007591,1.022226271007591
0.020196,-1.115222461622479,1.115222461622479,1.115222461622479
0.020298,-1.206581401788429,1.206581401788429,1.206581401788429
0.0204,-1.296167569627528,1.296167569627528,1.296167569627528
0.020502,-1.383848257376016,1.383848257376016,1.383848257376016
0.020604,-1.469493564376479,1.469493564376479,1.469493564376479
0.020706,-1.552976376476987,1.552976376476987,1.552976376476987
0.020808,-1.634173073361099,1.634173073361099,1.634173073361099
0.02091,-1.712963398236781,1.712963398236781,1.712963398236781
0.021012,-1.789230358453157,1.789230358453157,1.789230358453157
0.021114,-1.862861028179601,1.862861028179601,1.862861028179601
0.021216,-1.933746385346948,1.933746385346948,1.933746385346948
0.021318,-2.00178117138623,2.00178117138623,2.00178117138623
0.02142,-2.066864589988271,2.066864589988271,2.066864589988271
0.021522,-2.128900318004985,2.128900318004985,2.128900318004985
0.021624,-2.187796244789484,2.187796244789484,2.187796244789484
0.021726,-2.243465023139406,2.243465023139406,2.243465023139406
0.021828,-2.295824309476891,2.295824309476891,2.295824309476891
0.02193,-2.34479637485297,2.34479637485297,2.34479637485297
0.022032,-2.390308469786763,2.390308469786763,2.390308469786763
0.022134,-2.432293323090273,2.432293323090273,2.432293323090273
0.022236,-2.47068862544347,2.47068862544347,2.47068862544347
0.022338,-2.505437186325307,2.505437186325307,2.505437186325307
0.02244,-2.536487697849477,2.536487697849477,2.536487697849477
0.022542,-2.563794099289178,2.563794099289178,2.563794099289178
0.022644,-2.587315518983739,2.587315518983739,2.587315518983739
0.022746,-2.607017289957352,2.607017289957352,2.607017289957352
0.022848,-2.622870209759272,2.622870209759272,2.622870209759272
0.02295,-2.634850272860981,2.634850272860981,2.634850272860981
0.023052,-2.642939908927028,2.642939908927028,2.642939908927028
0.023154,-2.647127156789726,2.647127156789726,2.647127156789726
0.023256,-2.647405203262206,2.647405203262206,2.647405203262206
0.023358,-2.643773802844418,2.643773802844418,2.643773802844418
0.02346,-2.636238387585478,2.636238387585478,2.636238387585478
0.023562,-2.624809436355665,2.624809436355665,2.624809436355665
0.023664,-2.609504026478984,2.609504026478984,2.609504026478984
0.023766,-2.590344853402755,2.590344853402755,2.590344853402755
0.023868,-2.567359706899578,2.567359706899578,2.567359706899578
0.02397,-2.540582607285173,2.540582607285173,2.540582607285173
0.024072,-2.510053254424729,2.510053254424729,2.510053254424729
0.024174,-2.47581638300587,2.47581638300587,2.47581638300587
0.024276,-2.437922506808387,2.437922506808387,2.437922506808387
0.024378,-2.396427799976784,2.396427799976784,2.396427799976784
0.02448,-2.351393330521867,2.351393330521867,2.351393330521867
0.024582,-2.302885457511695,2.302885457511695,2.302885457511695
0.024684,-2.250976074138573,2.250976074138573,2.250976074138573
0.024786,-2.195741751524178,2.195741751524178,2.195741751524178
0.024888,-2.137263836476049,2.137263836476049,2.137263836476049
0.02499,-2.075628977378979,2.075628977378979,2.075628977378979
0.025092,-2.0109282115424,2.0109282115424,2.0109282115424
0.025194,-1.943256816715207,1.943256816715207,1.943256816715207
0.025296,-1.87271503719488,1.87271503719488,1.87271503719488
0.025398,-1.799407147398837,1.799407147398837,1.799407147398837
0.0255,-1.72344111293308,1.72344111293308,1.72344111293308
0.025602,-1.644929435017796,1.644929435017796,1.644929435017796
0.025704,-1.563988220937278,1.563988220937278,1.563988220937278
0.025806,-1.480736710424554,1.480736710424554,1.480736710424554
0.025908,-1.395298160942165,1.395298160942165,1.395298160942165
0.02601,-1.307798952443631,1.307798952443631,1.307798952443631
0.026112,-1.218368032525621,1.218368032525621,1.218368032525621
0.026214,-1.127137772610184,1.127137772610184,1.127137772610184
0.026316,-1.034243117075878,1.034243117075878,1.034243117075878
0.026418,-0.9398210626684114,0.9398210626684114,0.9398210626684114
0.02652,-0.8440112930361059,0.8440112930361059,0.8440112930361059
0.026622,-0.7469555133916049,0.7469555133916049,0.7469555133916049
0.026724,-0.6487969908852722,0.6487969908852722,0.6487969908852722
0.026826,-0.5496808334908566,0.5496808334908566,0.5496808334908566
0.026928,-0.4497536367386392,0.4497536367386392,0.4497536367386392
0.02703,-0.3491630008184846,0.3491630008184846,0.3491630008184846
0.027132,-0.2480575711132996,0.2480575711132996,0.2480575711132996
0.027234,-0.14658687406777,0.14658687406777,0.14658687406777
0.027336,-0.04490085131446308,0.04490085131446308,0.04490085131446308
0.027438,0.0568502539110874,-0.0568502539110874,-0.0568502539110874
0.02754,0.1585159803647808,-0.1585159803647808,-0.1585159803647808
0.027642,0.2599460639923265,-0.2599460639923265,-0.2599460639923265
0.027744,0.3609906304278107,-0.3609906304278107,-0.3609906304278107
0.027846,0.4615002899324416,-0.4615002899324416,-0.4615002899324416
0.027948,0.5613264754592509,-0.5613264754592509,-0.5613264754592509
0.02805,0.6603216493237657,-0.6603216493237657,-0.6603216493237657
0.028152,0.7583394832131947,-0.7583394832131947,-0.7583394832131947
0.028254,0.8552351000460862,-0.8552351000460862,-0.8552351000460862
0.028356,0.9508652414166872,-0.9508652414166872,-0.9508652414166872
0.028458,1.045088587689311,-1.045088587689311,-1.045088587689311
0.02856,1.137765891835417,-1.137765891835417,-1.137765891835417
0.028662,1.228760065958447,-1.228760065958447,-1.228760065958447
0.028764,1.317936678019591,-1.317936678019591,-1.317936678019591
0.028866,1.405163972671858,-1.405163972671858,-1.405163972671858
0.028968,1.490312846771441,-1.490312846771441,-1.490312846771441
0.02907,1.573257541753541,-1.573257541753541,-1.573257541753541
0.029172,1.653875532114684,-1.653875532114684,-1.653875532114684
0.029274,1.732047473666665,-1.732047473666665,-1.732047473666665
0.029376,1.807657889046494,-1.807657889046494,-1.807657889046494
0.029478,1.880595126499939,-1.880595126499939,-1.880595126499939
0.02958,1.950751216492762,-1.950751216492762,-1.950751216492762
0.029682,2.018022465576645,-2.018022465576645,-2.018022465576645
0.029784,2.082309586950936,-2.082309586950936,-2.082309586950936
0.029886,2.143517437542202,-2.143517437542202,-2.143517437542202
0.029988,2.201555469025912,-2.201555469025912,-2.201555469025912
0.03009,2.256338081574373,-2.256338081574373,-2.256338081574373
0.030192,2.307784234583568,-2.307784234583568,-2.307784234583568
0.030294,2.355817718618553,-2.355817718618553,-2.355817718618553
0.030396,2.400367758807953,-2.400367758807953,-2.400367758807953
0.030498,2.441368500879114,-2.441368500879114,-2.441368500879114
0.0306,2.478759083662238,-2.478759083662238,-2.478759083662238
0.030702,2.512484496513228,-2.512484496513228,-2.512484496513228
0.030804,2.542494949465136,-2.542494949465136,-2.542494949465136
0.030906,2.568745740054582,-2.568745740054582,-2.568745740054582
0.031008,2.591198350386217,-2.591198350386217,-2.591198350386217
0.03111,2.60981971590954,-2.60981971590954,-2.60981971590954
0.031212,2.624581892466887,-2.624581892466887,-2.624581892466887
0.031314,2.635463363430921,-2.635463363430921,-2.635463363430921
0.031416,2.642448225826335,-2.642448225826335,-2.642448225826335
0.031518,2.645525673481601,-2.645525673481601,-2.645525673481601
0.03162,2.644691473196368,-2.644691473196368,-2.644691473196368
0.031722,2.639947068916065,-2.639947068916065,-2.639947068916065
0.031824,2.631299008363262,-2.631299008363262,-2.631299008363262
0.031926,2.618760331933565,-2.618760331933565,-2.618760331933565
0.032028,2.60234979446116,-2.60234979446116,-2.60234979446116
0.03213,2.582091314355158,-2.582091314355158,-2.582091314355158
0.032232,2.558014935742039,-2.558014935742039,-2.558014935742039
0.032334,2.530156506448582,-2.530156506448582,-2.530156506448582
0.032436,2.498556985349615,-2.498556985349615,-2.498556985349615
0.032538,2.463263041070709,-2.463263041070709,-2.463263041070709
0.03264,2.42432713105292,-2.42432713105292,-2.42432713105292
0.032742,2.38180669538897,-2.38180669538897,-2.38180669538897
0.032844,2.335764429520702,-2.335764429520702,-2.335764429520702
0.032946,2.286268696126788,-2.286268696126788,-2.286268696126788
0.033048,2.233392636619015,-2.233392636619015,-2.233392636619015
0.03315,2.177214163670754,-2.177214163670754,-2.177214163670754
0.033252,2.117816629644736,-2.117816629644736,-2.117816629644736
0.033354,2.05528788794448,-2.05528788794448,-2.05528788794448
0.033456,1.989720056521745,-1.989720056521745,-1.989720056521745
0.033558,1.921210363243688,-1.921210363243688,-1.921210363243688
0.03366,1.849860188655584,-1.849860188655584,-1.849860188655584
0.033762,1.775774654074083,-1.775774654074083,-1.775774654074083
0.033864,1.699063565175193,-1.699063565175193,-1.699063565175193
0.033966,1.61984046566791,-1.61984046566791,-1.61984046566791
0.034068,1.538222103487617,-1.538222103487617,-1.538222103487617
0.03417,1.454329398375277,-1.454329398375277,-1.454329398375277
0.034272,1.368286532757493,-1.368286532757493,-1.368286532757493
0.034374,1.280220347258565,-1.280220347258565,-1.280220347258565
0.034476,1.190261265487767,-1.190261265487767,-1.190261265487767
0.034578,1.0985424152404,-1.0985424152404,-1.0985424152404
0.03468,1.005199145978581,-1.005199145978581,-1.005199145978581
0.034782,0.910369562668378,-0.910369562668378,-0.910369562668378
0.034884,0.8141939953496254,-0.8141939953496254,-0.8141939953496254
0.034986,0.7168144876909922,-0.7168144876909922,-0.7168144876909922
0.035088,0.6183750170511743,-0.6183750170511743,-0.6183750170511743
0.03519,0.5190212448229043,-0.5190212448229043,-0.5190212448229043
0.035292,0.4188999898911694,-0.4188999898911694,-0.4188999898911694
0.035394,0.3181592281724083,-0.3181592281724083,-0.3181592281724083
0.035496,0.2169480066739777,-0.2169480066739777,-0.2169480066739777
0.035598,0.1154159401947669,-0.1154159401947669,-0.1154159401947669
0.0357,0.01371307081337334,-0.01371307081337334,-0.01371307081337334
0.035802,-0.08801015747007536,0.08801015747007536,0.08801015747007536
0.035904,-0.1896033469144778,0.1896033469144778,0.1896033469144778
0.036006,-0.2909163548476217,0.2909163548476217,0.2909163548476217
0.036108,-0.3917993453568246,0.3917993453568246,0.3917993453568246
0.03621,-0.4921031574614575,0.4921031574614575,0.4921031574614575
0.036312,-0.5916795205744093,0.5916795205744093,0.5916795205744093
0.036414,-0.6903812018468781,0.6903812018468781,0.6903812018468781
0.036516,-0.7880622766037741,0.7880622766037741,0.7880622766037741
0.036618,-0.8845782997672362,0.8845782997672362,0.8845782997672362
0.03672,-0.9797866000656573,0.9797866000656573,0.9797866000656573
0.036822,-1.073546442020818,1.073546442020818,1.073546442020818
0.036924,-1.165719113946226,1.165719113946226,1.165719113946226
0.037026,-1.256168402378482,1.256168402378482,1.256168402378482
0.037128,-1.34476063571835,1.34476063571835,1.34476063571835
0.03723,-1.431364689540807,1.431364689540807,1.431364689540807
0.037332,-1.515852599830522,1.515852599830522,1.515852599830522
0.037434,-1.598099530804554,1.598099530804554,1.598099530804554
0.037536,-1.67798373697508,1.67798373697508,1.67798373697508
0.037638,-1.755387150248567,1.755387150248567,1.755387150248567
0.03774,-1.830195444052256,1.830195444052256,1.830195444052256
0.037842,-1.902297891658649,1.902297891658649,1.902297891658649
0.037944,-1.971587865793549,1.971587865793549,1.971587865793549
0.038046,-2.037963072940254,2.037963072940254,2.037963072940254
0.038148,-2.101325292890103,2.101325292890103,2.101325292890103
0.03825,-2.161580739974307,2.161580739974307,2.161580739974307
0.038352,-2.218640515222903,2.218640515222903,2.218640515222903
0.038454,-2.272420221373344,2.272420221373344,2.272420221373344
0.038556,-2.32284015146399,2.32284015146399,2.32284015146399
0.038658,-2.369825982529784,2.369825982529784,2.369825982529784
0.03876,-2.413308268439724,2.413308268439724,2.413308268439724
0.038862,-2.453222436870111,2.453222436870111,2.453222436870111
0.038964,-2.489509727016304,2.489509727016304,2.489509727016304
0.039066,-2.522116569467029,2.522116569467029,2.522116569467029
0.039168,-2.55099438617027,2.55099438617027,2.55099438617027
0.03927,-2.576100756658753,2.576100756658753,2.576100756658753
0.039372,-2.597398699597875,2.597398699597875,2.597398699597875
0.039474,-2.614856282018822,2.614856282018822,2.614856282018822
0.039576,-2.628447984062241,2.628447984062241,2.628447984062241
0.039678,-2.638153900815029,2.638153900815029,2.638153900815029
0.03978,-2.643959176658604,2.643959176658604,2.643959176658604
0.039882,-2.645855527645292,2.645855527645292,2.645855527645292
0.039984,-2.643840339509901,2.643840339509901,2.643840339509901
0.040086,-2.637916176771593,2.637916176771593,2.637916176771593
0.040188,-2.628091961797759,2.628091961797759,2.628091961797759
0.04029,-2.614382441467929,2.614382441467929,2.614382441467929
0.040392,-2.596807586255417,2.596807586255417,2.596807586255417
0.040494,-2.575393393045284,2.575393393045284,2.575393393045284
0.040596,-2.550171777280369,2.550171777280369,2.550171777280369
0.040698,-2.521179838559593,2.521179838559593,2.521179838559593
0.0408,-2.488460321324858,2.488460321324858,2.488460321324858
0.040902,-2.452061878810496,2.452061878810496,2.452061878810496
0.041004,-2.412038232771211,2.412038232771211,2.412038232771211
0.041106,-2.368448328090859,2.368448328090859,2.368448328090859
0.041208,-2.321356902352402,2.321356902352402,2.321356902352402
0.04131,-2.270833570007014,2.270833570007014,2.270833570007014
0.041412,-2.216952715031497,2.216952715031497,2.216952715031497
0.041514,-2.159794292371742,2.159794292371742,2.159794292371742
0.041616,-2.099442867752432,2.099442867752432,2.099442867752432
0.041718,-2.035987297590404,2.035987297590404,2.035987297590404
0.04182,-1.969521685557102,1.969521685557102,1.969521685557102
0.041922,-1.900144408510516,1.900144408510516,1.900144408510516
0.042024,-1.827957635188884,1.827957635188884,1.827957635188884
0.042126,-1.753068362193098,1.753068362193098,1.753068362193098
0.042228,-1.675587454437916,1.675587454437916,1.675587454437916
0.04233,-1.595629053997628,1.595629053997628,1.595629053997628
0.042432,-1.513311624348926,1.513311624348926,1.513311624348926
0.042534,-1.428757016988311,1.428757016988311,1.428757016988311
0.042636,-1.342089887329983,1.342089887329983,1.342089887329983
0.042738,-1.253438547814852,1.253438547814852,1.253438547814852
0.04284,-1.162934199917636,1.162934199917636,1.162934199917636
0.042942,-1.070710422301062,1.070710422301062,1.070710422301062
0.043044,-0.9769036162160002,0.9769036162160002,0.9769036162160002
0.043146,-0.881652610118821,0.881652610118821,0.881652610118821
0.043248,-0.7850980984745917,0.7850980984745917,0.7850980984745917
0.04335,-0.6873828004718227,0.6873828004718227,0.6873828004718227
0.043452,-0.5886513154070048,0.5886513154070048,0.5886513154070048
0.043554,-0.4890495540413664,0.4890495540413664,0.4890495540413664
0.043656,-0.3887246940219173,0.3887246940219173,0.3887246940219173
0.043758,-0.2878251745928818,0.2878251745928818,0.2878251745928818
0.04386,-0.186500156980005,0.186500156980005,0.186500156980005
0.043962,-0.08489935337730219,0.08489935337730219,0.08489935337730219
0.044064,0.01682693691917334,-0.01682693691917334,-0.01682693691917334
0.044166,0.1185283079175057,-0.1185283079175057,-0.1185283079175057
0.044268,0.2200544759406905,-0.2200544759406905,-0.2200544759406905
0.04437,0.3212552842320091,-0.3212552842320091,-0.3212552842320091
0.044472,0.4219811007582588,-0.4219811007582588,-0.4219811007582588
0.044574,0.5220830465476162,-0.5220830465476162,-0.5220830465476162
0.044676,0.6214131061389461,-0.6214131061389461,-0.6214131061389461
0.044778,0.7198244263314749,-0.7198244263314749,-0.7198244263314749
0.04488,0.8171714957657683,-0.8171714957657683,-0.8171714957657683
0.044982,0.9133104087850702,-0.9133104087850702,-0.9133104087850702
0.045084,1.008099055471301,-1.008099055471301,-1.008099055471301
0.045186,1.101397215301207,-1.101397215301207,-1.101397215301207
0.045288,1.193067004726976,-1.193067004726976,-1.193067004726976
0.04539,1.282972943171909,-1.282972943171909,-1.282972943171909
0.045492,1.370981994584011,-1.370981994584011,-1.370981994584011
0.045594,1.456964092342291,-1.456964092342291,-1.456964092342291
0.045696,1.540792192914636,-1.540792192914636,-1.540792192914636
0.045798,1.622342244628894,-1.622342244628894,-1.622342244628894
0.0459,1.701493689942497,-1.701493689942497,-1.701493689942497
0.046002,1.77812961917303,-1.77812961917303,-1.77812961917303
0.046104,1.852136634789081,-1.852136634789081,-1.852136634789081
0.046206,1.923405267460315,-1.923405267460315,-1.923405267460315
0.046308,1.991830299131583,-1.991830299131583,-1.991830299131583
0.04641,2.057310509166551,-2.057310509166551,-2.057310509166551
0.046512,2.119748955834929,-2.119748955834929,-2.119748955834929
0.046614,2.179053512778149,-2.179053512778149,-2.179053512778149
0.046716,2.235136492250029,-2.235136492250029,-2.235136492250029
0.046818,2.287914759711054,-2.287914759711054,-2.287914759711054
0.04692,2.337310504656898,-2.337310504656898,-2.337310504656898
0.047022,2.383250744008463,-2.383250744008463,-2.383250744008463
0.047124,2.425667252195643,-2.425667252195643,-2.425667252195643
0.047226,2.464497566963074,-2.464497566963074,-2.464497566963074
0.047328,2.499684382499805,-2.499684382499805,-2.499684382499805
0.04743,2.531175290473109,-2.531175290473109,-2.531175290473109
0.047532,2.558924004204075,-2.558924004204075,-2.558924004204075
0.047634,2.582889656293315,-2.582889656293315,-2.582889656293315
0.047736,2.603036357267591,-2.603036357267591,-2.603036357267591
0.047838,2.619334607690308,-2.619334607690308,-2.619334607690308
0.04794,2.631760502222809,-2.631760502222809,-2.631760502222809
0.048042,2.640295204579711,-2.640295204579711,-2.640295204579711
0.048144,2.644926341100239,-2.644926341100239,-2.644926341100239
0.048246,2.645647263302196,-2.645647263302196,-2.645647263302196
0.048348,2.642456551865067,-2.642456551865067,-2.642456551865067
0.04845,2.635359015316163,-2.635359015316163,-2.635359015316163
0.048552,2.624365384838607,-2.624365384838607,-2.624365384838607
0.048654,2.609491669856423,-2.609491669856423,-2.609491669856423
0.048756,2.590759810628084,-2.590759810628084,-2.590759810628084
0.048858,2.568197769867735,-2.568197769867735,-2.568197769867735
0.04896,2.541838762509767,-2.541838762509767,-2.541838762509767
0.049062,2.51172158619011,-2.51172158619011,-2.51172158619011
0.049164,2.477891057314908,-2.477891057314908,-2.477891057314908
0.049266,2.440397141996312,-2.440397141996312,-2.440397141996312
0.049368,2.399294999200062,-2.399294999200062,-2.399294999200062
0.04947,2.354645696997502,-2.354645696997502,-2.354645696997502
0.049572,2.306515274171754,-2.306515274171754,-2.306515274171754
0.049674,2.254974538560666,-2.254974538560666,-2.254974538560666
0.049776,2.20009999211589,-2.20009999211589,-2.20009999211589
0.049878,2.141972853434162,-2.141972853434162,-2.141972853434162
0.04998,2.08067865867573,-2.08067865867573,-2.08067865867573
0.050082,2.016308321353655,-2.016308321353655,-2.016308321353655
0.050184,1.948957145249482,-1.948957145249482,-1.948957145249482
0.050286,1.878724277461913,-1.878724277461913,-1.878724277461913
0.050388,1.805713830078822,-1.805713830078822,-1.805713830078822
0.05049,1.730033910823778,-1.730033910823778,-1.730033910823778
0.050592,1.65179597757366,-1.65179597757366,-1.65179597757366
0.050694,1.571115953660153,-1.571115953660153,-1.571115953660153
0.050796,1.488113267826937,-1.488113267826937,-1.488113267826937
0.050898,1.402910320249154,-1.402910320249154,-1.402910320249154
0.051,1.315633204609873,-1.315633204609873,-1.315633204609873
0.051,1.315633204609873,-1.315633204609873,-1.315633204609873
