"time","sineVoltage.v","capacitor.v","resistor.v"
0,0,0,0
0.000102,6.52411270371012,0.1668741620841276,6.357238541625993
0.000204,13.03857977913578,0.6559172379895888,12.38266254114619
0.000306,19.53376985865128,1.450055750373177,18.08371410827811
0.000408,26.00008007486466,2.532595787820943,23.46748428704372
0.00051,32.42795025805627,3.887202713224171,28.5407475448321
0.000612,38.8078770704906,5.497887832244424,33.30998923824618
0.000714,45.13042805670444,7.348992876773867,37.78143517993057
0.000816,51.38625558899846,9.425177388021519,41.96107820097694
0.000918,57.56611068751464,11.71140736351702,45.85470332399763
0.00102,63.66085669446683,14.19294485342365,49.46791184104318
0.001122,69.66148278230786,16.85533917108402,52.80614361122383
0.001224,75.55911727586199,19.68441949524074,55.87469778062125
0.001326,81.34504076872624,22.66628481313221,58.67875595559402
0.001428,87.01069901454881,25.78730356636848,61.22339544818033
0.00153,92.54771557412516,29.0341058532013,63.51360972092387
0.001632,97.9479041996138,32.39357874248418,65.55432545712962
0.001734,103.2032809375619,35.85286629474144,67.35041464282048
0.001836,108.3060759328472,39.39936369275856,68.90671224008864
0.001938,113.2487449160845,43.02071871626268,70.22802619982181
0.00204,118.0239803575129,46.70482676183197,71.31915359568094
0.002142,122.6247222708737,50.43983388316448,72.18488838770924
0.002244,127.0441686513052,54.21413392730231,72.83003472400284
0.002346,131.2757855318228,58.01637386702063,73.2594116648022
0.002448,135.3133166435171,61.83544948856724,73.47786715494985
0.00255,139.1507926651852,65.66050978424137,73.49028288094381
0.002652,142.782540048724,69.48096103808621,73.30157901063777
0.002754,146.2031894072336,73.28646649932649,72.91672290790707
0.002856,149.4076834534318,77.0669476511311,72.34073580230069
0.002958,152.3912844766424,80.81258798314477,71.57869649349763
0.00306,155.1495813473025,84.51384154049856,70.63573980680397
0.003162,157.6784960386335,88.16142866328454,69.517067375349
0.003264,159.9742896558334,91.74634162095951,68.22794803487388
0.003366,162.0335679638765,95.25984750524546,66.77372045863109
0.003468,163.8532864057488,98.69349351194069,65.15979289380815
0.00357,165.4307546036977,102.0391142762008,63.39164032749694
0.003672,166.7636403368438,105.2888269060975,61.47481343074629
0.003774,167.8499729892715,108.4350392057641,59.41493378350741
0.003876,168.6881464635032,111.4704533378484,57.21769312565488
0.003978,169.2769215550466,114.3880703364717,54.88885121857487
0.00408,169.615427784507,117.1811941972505,52.43423358725649
0.004182,169.7031646845552,119.8434326894533,49.85973199510197
0.004284,169.5400025398471,122.3686998135742,47.17130272627283
0.004386,169.1261825788022,124.7512239625027,44.37495861629957
0.004488,168.4623166169583,126.9855464212667,41.47677019569159
0.00459,167.549386152427,129.0665269151149,38.48285923731214
0.004692,166.3887409147899,130.989345202483,35.3993957123069
0.004794,164.9820968695799,132.7495003354587,32.23259653412126
0.004896,163.3315336812978,134.3428204312039,28.98871325009387
0.004998,161.439491638715,135.7654548825276,25.67403675618738
0.0051,159.3087680470084,137.0138860732817,22.29488197372663
0.005202,156.9425130920616,138.0849229927419,18.85759009931971
0.005304,154.3442251830468,138.975704082968,15.36852110007877
0.005406,151.5177457801722,139.6837031185177,11.83404266165456
0.005508,148.4672537152442,140.2067194050989,8.260534310145317
0.00561,145.1972590134384,140.5428912292137,4.654367784224632
0.005712,141.712596225416,140.6906823987485,1.021913826667401
0.005814,138.0184172796426,140.6488908783897,-2.63047359874713
0.005916,134.1201838654765,140.4166459161705,-6.296462050693947
0.006018,130.0236593582895,139.9934007153848,-9.969741357095245
0.00612,125.7349002985569,139.3789436973818,-13.64404339882489
0.006222,121.2602474375149,138.5733788854939,-17.31313144797902
0.006324,116.6063163626248,137.5771424685718,-20.97082610594701
0.006426,111.7799877167035,136.3909864729,-24.61099875619658
0.006528,106.7883970251795,135.015979080495,-28.22758205531549
0.00663,101.6389241465173,133.4535078367485,-31.81458369023127
0.006732,96.33918236140399,131.7052617897574,-35.36607942835339
0.006834,90.89700711683213,129.7732453851564,-38.87623826832427
0.006936,85.32044444171807,127.6597568127346,-42.33931237101652
0.007038,79.61773905118446,125.3673945911024,-45.74965553991794
0.00714,73.79732215709252,122.8990493757063,-49.10172721861382
0.007242,67.86779900284809,120.2578918395646,-52.39009283671651
0.007344,61.83793614090753,117.4473807638534,-55.60944462294587
0.007446,55.71664847179682,114.4712380277197,-58.75458955592287
0.007548,49.51298606380256,111.3334613787253,-61.82047531492276
0.00765,43.23612077282414,108.0383034429101,-64.80218267008598
0.007752,36.89533268216752,104.5902681067684,-67.69493542460087
0.007854,30.49999638232977,100.9941089617554,-70.49411257942565
0.007956,24.05956711105798,97.25480841925292,-73.19524130819494
0.008058,17.58356677417494,93.37758577024745,-75.79401899607251
0.00816,11.08156986783922,89.36787328021043,-78.28630341237121
0.008262,4.563189323052289,85.23131770894791,-80.66812838589563
0.008364,-1.961937706659287,80.97376824802048,-82.93570595467976
0.008466,-8.484164093372398,76.601262229097,-85.0854263224694
0.008568,-14.99384699764337,72.12002643336862,-87.113873431012
0.00867,-21.48136212504399,67.53645299568274,-89.01781512072672
0.008772,-27.93711795527846,62.8571038231748,-90.79422177845325
0.008874,-34.35156992284613,58.08869000903153,-92.44025993187766
0.008976,-40.71523452828354,53.23806423311083,-93.95329876139436
0.009078,-47.01870335912134,48.3122139871564,-95.33091734627774
0.00918,-53.25265699983044,43.31824248865586,-96.57089948848629
0.009282,-59.40787881018846,38.26336784115804,-97.67124665134651
0.009384,-65.47526855169725,33.15490265907663,-98.63017121077388
0.009486,-71.44585584190644,28.00024891696013,-99.44610475886657
0.009588,-77.31081341674839,22.80688476310361,-100.117698179852
0.00969,-83.06147018128041,17.58235075353682,-100.6438209348172
0.009792,-88.68932402953641,12.33424342172896,-101.0235674512654
0.009894,-94.18605441453539,7.070197587309627,-101.256252001845
0.009996,-99.54353464986319,1.797880409136466,-101.3414150589997
0.010098,-104.7538439246392,-3.475023594537127,-101.2788203301021
0.0102,-109.809279014104,-8.740823279648305,-101.0684557344557
0.010302,-114.7023656685161,-13.99183409928968,-100.7105315692264
0.010404,-119.425869663518,-19.2203881644291,-100.2054814990889
0.010506,-123.9728074956349,-24.41884364277682,-99.55396385285809
0.010608,-128.3364567070934,-29.57960016663466,-98.75685654045876
0.01071,-132.5103658246939,-34.69511082062753,-97.8152550040664
0.010812,-136.4883638980453,-39.75788833643656,-96.73047556160873
0.010914,-140.2645696230569,-44.76051777997532,-95.50405184308158
0.011016,-143.8334000372014,-49.69567584980737,-94.13772418739404
0.011118,-147.1895787736917,-54.55613359887462,-92.63344517481707
0.01122,-150.328143862369,-59.3347607494131,-90.99338311295585
0.011322,-153.2444550657685,-64.02455244213404,-89.21990262363447
0.011424,-155.934200739517,-68.61864144631249,-87.31555929320453
0.011526,-158.3934042069188,-73.11028512276305,-85.28311908415573
0.011628,-160.6184296383062,-77.49288953777291,-83.12554010053331
0.01173,-162.6059874264625,-81.76002450662084,-80.84596291984165
0.011832,-164.353139050168,-85.90542427875494,-78.44771477141308
0.011934,-165.8573014186816,-89.92300147019331,-75.93429994848832
0.012036,-167.1162506907326,-93.80685609819852,-73.30939459253403
0.012138,-168.1281255623767,-97.55128482893505,-70.5768407334416
0.01224,-168.8914300188567,-101.1507915266539,-67.74063849220288
0.012342,-169.4050355463979,-104.600092714868,-64.80494283152987
0.012444,-169.6681828006681,-107.8941147067854,-61.77406809388269
0.012546,-169.6804827294369,-111.0280266958321,-58.65245603360481
0.012648,-169.4419171477731,-113.9972297673216,-55.44468738045151
0.01275,-168.9528387649303,-116.7973541647919,-52.15548460013844
0.012852,-168.213970662881,-119.4242964322946,-48.78967423058647
0.012954,-167.2264052272702,-121.8741993892156,-45.35220583805464
0.013056,-165.9916025323687,-124.1434547501627,-41.84814778220597
0.013158,-164.5113881824143,-126.2287382952044,-38.28264988720997
0.01326,-162.7879506125321,-128.1269856293091,-34.66096498322295
0.013362,-160.8238378532245,-129.8354072660222,-30.98843058720226
0.013464,-158.6219537632146,-131.3515046377875,-27.27044912542718
0.013566,-156.1855537362123,-132.6730465903064,-23.51250714590591
0.013668,-153.5182398879503,-133.7980995212522,-19.72014036669816
0.01377,-150.6239557306068,-134.7250259158452,-15.8989298147616
0.013872,-147.5069803424869,-135.4524563341096,-12.05452400837731
0.013974,-144.1719220415845,-135.9793410376802,-8.192581003904365
0.014076,-140.623711572376,-136.3049198887057,-4.318791683670213
0.014178,-136.8675948159204,-136.4287123704107,-0.4388824455096767
0.01428,-132.9091250340441,-136.3505589815631,3.441433947519073
0.014382,-128.7541546590737,-136.0705876958395,7.316433036765886
0.014484,-124.4088266412602,-135.5892155396941,11.18038889843388
0.014586,-119.8795653666828,-134.9071751418978,15.02760977521498
0.014688,-115.1730671590627,-134.0254805345696,18.8524133755069
0.01479,-110.2962903795281,-132.9454423039511,22.64915192442299
0.014892,-105.2564451389673,-131.6686763638084,26.41223122484118
0.014994,-100.0609826381808,-130.1970680626679,30.13608542448711
0.015096,-94.71758415159248,-128.5328064972018,33.81522234560929
0.015198,-89.23414967080544,-126.6783675728365,37.4442179020311
0.0153,-83.61878622479452,-124.6364864418491,41.01770021705454
0.015402,-77.87979589400221,-122.410199166462,44.53040327245984
0.015504,-72.02566353605933,-120.0028070214362,47.97714348537683
0.015606,-66.06504424127755,-117.4178645251934,51.35282028391585
0.015708,-60.00675053645907,-114.6592095992952,54.65245906283611
0.01581,-53.85973935594417,-111.7309255593758,57.87118620343162
0.015912,-47.633098799157,-108.6373406265525,61.00424182739547
0.016014,-41.33603469423074,-105.3830431955676,64.0470085013369
0.016116,-34.97785698757507,-101.9728437584179,66.99498677084281
0.016218,-28.56796597950767,-98.41178806863198,69.8438220891243
0.01632,-22.11583842630459,-94.70515382349943,72.58931539719484
0.016422,-15.63101352921012,-90.85841410491639,75.22740057570627
0.016524,-9.123078831126863,-86.87726649029722,77.75418765917036
0.016626,-2.601656041833009,-82.76760519305817,80.16594915122516
0.016728,3.923613187313007,-78.53549941932896,82.45911260664197
0.01683,10.44308151815214,-74.18721718201672,84.63029870016886
0.016932,16.94711018891151,-69.72919182916266,86.67630201807417
0.017034,23.42608326471063,-65.16801023646113,88.59409350117176
0.017136,29.87042185432075,-60.51042582046142,90.38084767478217
0.017238,36.27059827215493,-55.76332582411556,92.03392409627048
0.01734,42.61715012455382,-50.93372786620479,93.55087799075861
0.017442,48.90069429953893,-46.02878068304994,94.92947498258889
0.017544,55.11194083935363,-41.0557339739149,96.16767481326853
0.017646,61.24170667527564,-36.02194307792224,97.26364975319788
0.017748,67.28092920440288,-30.93485663643444,98.21578584083731
0.01785,73.22067968833261,-25.80199137757669,99.02267106590929
0.017952,79.05217645392781,-20.63094186986839,99.68311832379621
0.018054,84.76679787665553,-15.4293566285936,100.1961545052491
0.018156,90.35609512729816,-10.20492350495759,100.5610186322558
0.018258,95.81180466319499,-4.965371345145161,100.7771760083401
0.01836,101.1258604455445,0.2815510846029249,100.8443093609416
0.018462,106.2904058647074,5.528085587489992,100.7623202772174
0.018564,111.297805355874,10.76647275041135,100.5313326054627
0.018666,116.1406556879301,15.98896860775166,100.1516870801784
0.018768,120.8117969088231,21.18785068399237,99.62394622483069
0.01887,125.3043229312545,26.35543193521798,98.94889099603651
0.018972,129.6115917430398,31.48407148707659,98.12752025596319
0.019074,133.7272352270466,36.56618508172583,97.16105014532074
0.019176,137.6451685761911,41.59425807323536,96.0509105029557
0.019278,141.3595992895697,46.56085599439974,94.79874329516994
0.01938,144.8650357364311,51.45863420104647,93.40640153538462
0.019482,148.1562952753224,56.28034982296231,91.87594545236007
0.019584,151.2285119164085,61.01887349981239,90.20963841659614
0.019686,154.0771435156346,65.66719977739022,88.40994373824437
0.019788,156.6979784900971,70.21845412718369,86.47952436291337
0.01989,159.0871420446922,74.66590684931239,84.42123519537981
0.019992,161.24110190084,79.00298200489168,82.23811989594829
0.020094,163.1566735188098,83.22326645162168,79.93340706718807
0.020196,164.8310248059295,87.32052219372008,77.51050261220939
0.020298,166.2616803037166,91.28868883796012,74.97299146575652
0.0204,167.4465248477404,95.12189885336541,72.32462599437498
0.020502,168.3838066948034,98.81448656881936,69.56932012598405
0.020604,169.0721401128215,102.3609886768208,66.71115143600069
0.020706,169.5105074295704,105.7561651552993,63.7543422742711
0.020808,169.698260537272,108.9949944722491,60.70326606502289
0.02091,169.6351218507942,112.072685865419,57.56243598537523
0.021012,169.3211847180494,114.9846933477967,54.3364913702527
0.021114,168.7569132819828,117.7267047145577,51.03020856742513
0.021216,167.9431417943575,120.2946705591327,47.64847123522485
0.021318,166.8810733823471,122.6847938793351,44.19627950301202
0.02142,165.5722782697628,124.8935365514975,40.67874171826531
0.021522,164.0186914555433,126.9176390203674,37.10105243517594
0.021624,162.2226098529391,128.754101485691,33.46850836724812
0.021726,160.1866888936226,130.4002124912563,29.78647640236633
0.021828,157.9139386017429,131.8535400472593,26.06039855448356
0.02193,155.407719143731,133.1119289232232,22.29579022050777
0.022032,152.6717358604338,134.1735252372401,18.4982106231937
0.022134,149.7100337889225,135.0367544454131,14.67327934350945
0.022236,146.5269916820745,135.7003407999601,10.82665088211439
0.022338,143.1273155347686,136.1633075324417,6.964008002326864
0.02244,139.51603162627,136.4249618797412,3.091069746528802
0.022542,135.6984790890849,136.4849238029133,-0.7864447138283879
0.022644,131.6803020152765,136.3431020262333,-4.662800010956744
0.022746,127.4674411119103,135.9997036897047,-8.532262577794413
0.022848,123.0661249179666,135.4552429744336,-12.38911805646701
0.02295,118.4828605957065,134.710515410791,-16.22765481508451
0.023052,113.7244243101021,133.7666286664383,-20.04220435633626
0.023154,108.7978512105621,132.6249778389591,-23.82712662839704
0.023256,103.7104250297553,131.2872457565767,-27.5768207268214
0.023358,98.46966731491582,129.7554177991446,-31.28575048422874
0.02346,93.08332630755072,128.0317499014739,-34.94842359392317
0.023562,87.55936548798753,126.1187954548176,-38.55942996683009
0.023664,81.90595180170114,124.019384447445,-42.11343264574391
0.023766,76.13144358482567,121.7366139801949,-45.60517039536927
0.023868,70.24437820670474,119.2738662434911,-49.0294880367864
0.02397,64.25345944774452,116.63477696581,-52.3813175180655
0.024072,58.16754463124025,113.8232489546487,-55.65570432340846
0.024174,51.99563152819323,110.8434430283123,-58.84781150011909
0.024276,45.74684505448054,107.6997570721427,-61.9529120176622
0.024378,39.43042378004907,104.3968453406458,-64.9664215605967
0.02448,33.05570627007512,100.9395885532583,-67.88388228318314
0.024582,26.63211727828599,97.33309623498839,-70.7009789567024
0.024684,20.16915381285382,93.58270582359377,-73.41355201073995
0.024786,13.67637109546693,89.69395452725631,-76.01758343178938
0.024888,7.163368434333787,85.67259709992655,-78.50922866559276
0.02499,0.6397750320034689,81.52457852044461,-80.88480348844114
0.025092,-5.884764251004065,77.25602786793812,-83.14079211894219
0.025194,-12.40060315572497,72.87326157132718,-85.27386472705214
0.025296,-18.8981082863412,68.38275296590247,-87.28086125224367
0.025398,-25.36767335275439,63.79114490084969,-89.15881825360408
0.0255,-31.79973337308474,59.1052268125944,-90.90496018567914
0.025602,-38.18477881509714,54.33192249849886,-92.516701313596
0.025704,-44.5133696556491,49.47829344559702,-93.99166310124612
0.025806,-50.77614933736792,44.55151235850541,-95.32766169587333
0.025908,-56.96385860193316,39.55886403617055,-96.52272263810372
0.02601,-63.067349179502,34.50773190164165,-97.57508108114365
0.026112,-69.07759731404471,29.4055801744008,-98.48317748844551
0.026214,-74.98571710459115,24.2599551527415,-99.24567225733264
0.026316,-80.78297364266443,19.07846331164629,-99.86143695431072
0.026418,-86.46079592647877,13.8687645611916,-100.3295604876704
0.02652,-92.0107895328065,8.638563113213834,-100.6493526460203
0.026622,-97.42474902778497,3.395589181113722,-100.8203382088987
0.026724,-102.6946700983054,-1.852404154513426,-100.842265943792
0.026826,-107.812761386057,-7.097657893775811,-100.7151034922812
0.026928,-112.7714560067247,-12.33241758422119,-100.4390384225035
0.02703,-117.5634227373117,-17.54894302592805,-100.0144797113837
0.027132,-122.1815768550466,-22.73952323259394,-99.4420536224527
0.027234,-126.6190906118505,-27.89648443071501,-98.7226061811355
0.027336,-130.8694033288771,-33.01220144147175,-97.85720188740538
0.027438,-134.926231096203,-38.07911105339677,-96.84712004280621
0.02754,-138.7835760633256,-43.08972208814425,-95.69385397518136
0.027642,-142.4357353067355,-48.03662682149814,-94.39910848523738
0.027744,-145.8773092614498,-52.91251184855332,-92.96479741289644
0.027846,-149.1032097040443,-57.71016680889045,-91.39304289515383
0.027948,-152.1086672753796,-62.42249942619357,-89.68616784918601
0.02805,-154.8892385318988,-67.04254273482752,-87.84669579707125
0.028152,-157.4408125150732,-71.56346476912942,-85.87734774594377
0.028254,-159.7596168292841,-75.9785840689806,-83.78103276030352
0.028356,-161.842223219151,-80.28137267578788,-81.56085054336316
0.028458,-163.6855526380643,-84.46546607317225,-79.22008656489206
0.02856,-165.2868798004279,-88.52468275383588,-76.76219704659199
0.028662,-166.6438372108791,-92.45301953082256,-74.19081768005654
0.028764,-167.7544186645326,-96.24466574911062,-71.50975291542201
0.028866,-168.6169822130703,-99.89402133769974,-68.72296087537055
0.028968,-169.2302525922931,-103.3956868714295,-65.83456572086362
0.02907,-169.5933231075463,-106.7444836503848,-62.84883945716157
0.029172,-169.7056569742294,-109.9354673735861,-59.77018960064335
0.029274,-169.5670881114099,-112.9639134184815,-56.60317469292841
0.029376,-169.1778213873669,-115.825345002393,-53.35247638497391
0.029478,-168.5384323167019,-118.515539108365,-50.02289320833697
0.02958,-167.6498662094649,-121.0305079284956,-46.61935828096928
0.029682,-166.5134367735523,-123.366537288224,-43.1468994853283
0.029784,-165.1308241724451,-125.5201813228547,-39.61064284959043
0.029886,-163.5040725411571,-127.4882411354561,-36.01583140570095
0.029988,-161.6355869640666,-129.2678156794426,-32.36777128462396
0.03009,-159.5281299190999,-130.8562803652533,-28.67184955384656
0.030192,-157.1848171935222,-132.2512707934224,-24.93354640009974
0.030294,-154.6091132773774,-133.4507348608187,-21.15837841655866
0.030396,-151.8048262413831,-134.4529044106763,-17.35192183070686
0.030498,-148.7761021068576,-135.2562821330646,-13.51981997379295
0.0306,-145.5274187160001,-135.8596913454443,-9.667727370555809
0.030702,-142.0635791115884,-136.2622437707861,-5.801335340802211
0.030804,-138.38970443588,-136.4633294612888,-1.926374974591198
0.030906,-134.5112263592179,-136.4626627814106,1.951436422192671
0.031008,-130.4338790495317,-136.2602468073608,5.826367757829132
0.03111,-126.1636906946112,-135.8563674721697,9.692676777558489
0.031212,-121.7069745896801,-135.2516339071349,13.5446593174548
0.031314,-117.0703198034558,-134.4469401421817,17.37662033872594
0.031416,-112.2605814364817,-133.44346465121,21.18288321472832
0.031518,-107.2848704861533,-132.2427030958567,24.95783260970339
0.03162,-102.1505433333996,-130.8464282405065,28.69588490710694
0.031722,-96.86519086658421,-129.2566958917482,32.39150502516398
0.031824,-91.43662725869399,-127.4758682111151,36.03924095242115
0.031926,-85.87287841440796,-125.5065728484814,39.63369443407342
0.032028,-80.18217010413466,-123.3517160251588,43.16954592102411
0.03213,-74.37291580255368,-121.0144948681549,46.64157906560123
0.032232,-68.45370424964361,-118.4983567567165,50.04465250707288
0.032334,-62.4332867525884,-115.8070200390283,53.37373328643986
0.032436,-56.32056424733613,-112.9444741762185,56.62390992888241
0.032538,-50.12457413893711,-109.9149402967689,59.79036615783181
0.03264,-43.85447694011489,-106.7228997056125,62.86842276549763
0.032742,-37.51954272783469,-103.3730810315085,65.85353830367382
0.032844,-31.1291374378783,-99.87042298721748,68.74128554933918
0.032946,-24.69270901770085,-96.22011040139348,71.52740138369263
0.033048,-18.21977345803336,-92.42754778443418,74.20777432640082
0.03315,-11.71990072388921,-88.49832677900885,76.77842605511964
0.033252,-5.202700605770647,-84.43826587111563,79.23556526534499
0.033354,1.322191488008295,-80.25337273960405,81.57556422761235
0.033456,7.845128776866274,-75.94982112393883,83.79494990080511
0.033558,14.35646737032182,-71.53398233072167,85.89044970104349
0.03366,20.84658052607804,-67.01238851194434,87.85896903802237
0.033762,27.30587288276399,-62.39171348530931,89.6975863680733
0.033864,33.7247946462715,-57.67879658042235,91.40359122669385
0.033966,40.0938557087306,-52.88060769446835,92.97446340319895
0.034068,46.40363967923493,-48.00423197844162,94.40787165767655
0.03417,52.64481780558555,-43.05688577351412,95.70170357909967
0.034272,58.80816276646015,-38.04588425511812,96.85404702157828
0.034374,64.88456231362071,-32.97862959612797,97.86319190974868
0.034476,70.86503274399614,-27.86261914278981,98.72765188678595
0.034578,76.74073218170803,-22.70541666431412,99.44614884602214
0.03468,82.5029736504183,-17.51464339649066,100.017617046909
0.034782,88.14323791665824,-12.29797843845254,100.4412163551108
0.034884,93.65318608516364,-7.063130286757811,100.7163163719215
0.034986,99.02467192757818,-1.817838686457015,100.8425106140352
0.035088,104.2497539263161,3.430140675616028,100.8196132507001
0.03519,109.3207070157617,8.673049372202229,100.6476576435595
0.035292,114.230034003459,13.90313475359164,100.3268992498674
0.035394,118.9704766543956,19.11266557168081,99.85781108271475
0.035496,123.5350264220007,24.29393967067332,99.24108675132734
0.035598,127.9169348099899,29.43929647589011,98.47763833409977
0.0357,132.109723349733,34.541128407077,97.56859494265598
0.035802,136.1071931784016,39.59189267584597,96.51530050255562
0.035904,139.9034342037272,44.58412175090496,95.3193124528222
0.036006,143.4928338418279,49.51043557229178,93.98239826953613
0.036108,146.8700853151771,54.36354990539692,92.50653540978021
0.03621,150.0301954984548,59.13628992436217,90.89390557409267
0.036312,152.9684923006728,63.82159968919014,89.14689261148264
0.036414,155.6806315726679,68.41255138685477,87.26808018581318
0.036516,158.1626035297445,72.9023591218911,85.26024440785341
0.036618,160.4107386799731,77.28438266318581,83.12635601678728
0.03672,162.4217132493824,81.55214531814887,80.8695679312335
0.036822,164.1925540960193,85.69933622430986,78.49321787170939
0.036924,165.7206431056154,89.71982416362425,76.00081894199116
0.037026,167.0037210623598,93.60766602474459,73.39605503761524
0.037128,168.0398909890556,97.35711162428298,70.68277936477257
0.03723,168.8276209517205,100.9626204346993,67.86500051702124
0.037332,169.3657463244887,104.4188584142068,64.94688791028187
0.037434,169.6534715114603,107.7207186005962,61.93275291086404
0.037536,169.6903711229575,110.8633180518879,58.82705307106957
0.037638,169.476390604445,113.8420101219263,55.63438048251879
0.03774,169.011846317187,116.6523929663052,52.35945335088182
0.037842,168.2974250705198,119.2903082942903,49.00711677622944
0.037944,167.3341831064331,121.75186022104,45.58232288539308
0.038046,166.1235445379606,124.0334046953044,42.0901398426562
0.038148,164.6672992436878,126.1315721631915,38.5357270804962
0.03825,162.9676002214914,128.0432596081894,34.92434061330201
0.038352,161.0269604054224,129.7656394044052,31.26132100101719
0.038454,158.8482489504368,131.2961681057723,27.55208084466457
0.038556,156.4346869904714,132.6325785384215,23.80210845204996
0.038658,153.7898428761301,133.7728997558965,20.01694312023358
0.03876,150.9176268990267,134.7154409929774,16.20218590604929
0.038862,147.8222855105842,135.4588119880408,12.36347352254336
0.038964,144.50839504383,136.0019134862157,8.506481557614336
0.039066,140.9808549474821,136.3439403145993,4.636914632882849
0.039168,137.2448805423159,136.4843906998209,0.7604898424950477
0.03927,133.3059953105325,136.4230519004608,-3.117056589928296
0.039372,129.1700227295183,136.1600197328634,-6.989997003345081
0.039474,124.8430776620791,135.6956788626318,-10.85260120055266
0.039576,120.3315573158693,135.0307179955236,-14.69916067965423
0.039678,115.6421317853888,134.1661209816302,-18.52398919624133
0.03978,110.7817341905246,133.1031630928202,-22.32142890229565
0.039882,105.757550426224,131.8434203416762,-26.08586991545221
0.039984,100.5770085384499,130.3887497485788,-29.8117412101289
0.040086,95.247767742121,128.741306955775,-33.49353921365397
0.040188,89.77770709728753,126.9035243657903,-37.12581726850273
0.04029,84.17491386026553,124.8781201012721,-40.70320624100655
0.040392,78.44767152696912,122.66809019641,-44.2204186694409
0.040494,72.60444758610423,120.2766985935898,-47.67225100748553
0.040596,66.6538810003444,117.7074855150686,-51.05360451472421
0.040698,60.60476943397966,114.9642440917957,-54.35947465781603
0.0408,54.46605624594284,112.0510345530835,-57.5849783071407
0.040902,48.24681726742262,108.9721617205353,-60.72534445311263
0.041004,41.9562473836274,105.7321775768944,-63.77593019326702
0.041106,35.60364693953247,102.3358743949729,-66.73222745544044
0.041208,29.19840798970504,98.78826988991219,-69.58986190020714
0.04131,22.75000041254829,95.09461341211744,-72.34461299956915
0.041412,16.26795790947529,91.26036111886803,-74.99240320939275
0.041514,9.761863909737155,87.29118545052093,-77.52932154078377
0.041616,3.24133740171522,83.19295339152559,-79.95161598981038
0.041718,-3.283981288345771,78.97172327980684,-82.25570456815261
0.04182,-9.804444749161483,74.63373824699505,-84.43818299615654
0.041922,-16.31041274769954,70.18540861517553,-86.49582136287506
0.042024,-22.79226648186582,65.63331467978178,-88.4255811616476
0.042126,-29.24042280149884,60.98418277864099,-90.22460558013984
0.042228,-35.64534837665543,56.24488911190637,-91.89023748856181
0.04233,-41.99757379224671,51.42244000038484,-93.42001379263155
0.042432,-48.28770754816744,46.52396421332993,-94.81167176149737
0.042534,-54.50644994424061,41.55670583685021,-96.06315578109081
0.042636,-60.64460682943255,36.52800635977064,-97.17261318920319
0.042738,-66.69310319502711,31.44530286376498,-98.13840605879209
0.04284,-72.64299659164004,26.3161079130356,-98.95910450467565
0.042942,-78.48549035026174,21.14800596319043,-99.63349631345217
0.043044,-84.21194658776348,15.94863789237478,-100.1605844801383
0.043146,-89.81389897764858,10.72568991202136,-100.5395888896699
0.043248,-95.28306526716167,5.486885071009837,-100.7699503381715
0.04335,-100.6113595222521,0.2399675096101088,-100.8513270318622
0.043452,-105.7909040822934,-5.007304455760525,-100.7835996265329
0.043554,-110.8140412068719,-10.24717349979289,-100.566867707079
0.043656,-115.6733443974397,-15.47189253996684,-100.2014518574729
0.043758,-120.36162937708,-20.67373690469647,-99.68789247238351
0.04386,-124.8719647121615,-25.84501609329621,-99.02694861886533
0.043962,-129.1976820601751,-30.97808455236266,-98.21959750781242
0.044064,-133.3323860285983,-36.06535303537105,-97.26703299322723
0.044166,-137.2699636302159,-41.09930062932724,-96.17066300088868
0.044268,-141.0045933209175,-46.07248441422296,-94.93210890669458
0.04437,-144.5307536066066,-50.97755196910467,-93.55320163750193
0.044472,-147.8432312065,-55.80725161179585,-92.03597959470413
0.044574,-150.9371287607451,-60.55444206311964,-90.38268669762545
0.044676,-153.8078720709624,-65.21210609400252,-88.59576597695992
0.044778,-156.4512168630063,-69.77335578730705,-86.67786107569924
0.04488,-158.8632550619473,-74.23144916423797,-84.63180589770937
0.044982,-161.0404205699991,-78.57979417923707,-82.460626390762
0.045084,-162.9794945388428,-82.81196202345035,-80.16753251539245
0.045186,-164.6776101285622,-86.92169664518971,-77.75591348337252
0.045288,-166.1322567461453,-90.90292001503975,-75.22933673110551
0.04539,-167.341283757292,-94.74974874683301,-72.59153501045898
0.045492,-168.3029036660369,-98.45649222994894,-69.84641143608792
0.045594,-169.0156947574876,-102.0176728527524,-66.99802190473521
0.045696,-169.4786031997708,-105.4280245534185,-64.05057864635228
0.045798,-169.6909446020785,-108.6825046859843,-61.00843991609419
0.0459,-169.6524050265117,-111.7763036693808,-57.87610135713095
0.046002,-169.363041452224,-114.7048442611589,-54.65819719106507
0.046104,-168.8232816911803,-117.4638007000333,-51.35948099114698
0.046206,-168.0339237556555,-120.0490895309227,-47.98483422473279
0.046308,-166.9961346784054,-122.4568918425993,-44.53924283580611
0.04641,-165.7114487872586,-124.6836470905051,-41.02780169675353
0.046512,-164.1817654366761,-126.7260616473323,-37.45570378934384
0.046614,-162.4093461996351,-128.5811189662979,-33.82822723333726
0.046716,-160.3968115239887,-130.2460721281793,-30.15073939580932
0.046818,-158.1471368582414,-131.7184642463903,-26.42867261185114
0.04692,-155.6636482524747,-132.9961140606704,-22.66753419180426
0.047022,-152.950017440919,-134.0771353606982,-18.87288208022076
0.047124,-150.0102564134496,-134.9599300189968,-15.05032639445275
0.047226,-146.8487114840252,-135.6431904575808,-11.20552102644436
0.047328,-143.4700568648464,-136.1259104969231,-7.344146367923315
0.04743,-139.8792877557258,-136.4073713353692,-3.471916420356536
0.047532,-136.0817129588953,-136.487161844547,0.4054488856517082
0.047634,-132.082947030163,-136.3651602184957,4.282213188332719
0.047736,-127.8889019780275,-136.0415485998912,8.152646621863653
0.047838,-123.5057785230176,-135.5168064772411,12.01102795422347
0.04794,-118.9400569301887,-134.7917064461801,15.85164951599143
0.048042,-114.1984874283209,-133.8673251587716,19.6688377304507
0.048144,-109.2880802299868,-132.7450237235034,23.45694349351668
0.048246,-104.2160951672453,-131.4264663457625,27.21037117851722
0.048348,-98.99003095828175,-129.9135994689487,30.923568510667
0.04845,-93.61761412086885,-128.2086604730576,34.59104635218874
0.048552,-88.10678754902914,-126.3141718949553,38.20738434592616
0.048654,-82.46569876980149,-124.2329309224251,41.76723215262363
0.048756,-76.70268789745874,-121.9680194365833,45.26533153912457
0.048858,-70.8262753030008,-119.5227804976452,48.6965051946444
0.04896,-64.8451490171376,-116.900833788198,52.0556847710604
0.049062,-58.76815188540283,-114.1060537177025,55.33790183229968
0.049164,-52.60426849437199,-111.1425719332143,58.53830343884229
0.049266,-46.36261188832788,-108.0147722048958,61.65216031656789
0.049368,-40.0524100960068,-104.7272750010104,64.67486490500356
0.04947,-33.68299248733863,-101.2849453750193,67.60195288768062
0.049572,-27.26377598036989,-97.69286766366652,70.42909168329663
0.049674,-20.80425111873527,-93.95635637297313,73.15210525423787
0.049776,-14.31396804029272,-90.08093464709762,75.7669666068049
0.049878,-7.802522357635552,-86.07233112752176,78.26980876988621
0.04998,-1.279540971387587,-81.93647488423927,80.65693391285168
0.050082,5.245332162771751,-77.67947709202738,82.92480925479913
0.050184,11.76245029229453,-73.30763541929963,85.07008571159416
0.050286,18.26217813008104,-68.82740958946232,87.08958771954336
0.050388,24.73490609985434,-64.24542606414005,88.98033216399439
0.05049,31.17106454351284,-59.56845874721878,90.73952329073163
0.050592,37.56113786947514,-54.80342106377484,92.36455893324998
0.050694,43.89567862108014,-49.9573601210509,93.85303874213105
0.050796,50.16532144426208,-45.03743788582232,95.2027593300844
0.050898,56.36079693383147,-40.05093089280556,96.41172782663703
0.051,62.47294533790549,-35.00520935867654,97.47815469658204
0.051,62.47294533790549,-35.00520935867654,97.47815469658204
