"time","sineVoltage.v","inductor.v","resistor.v"
0,0,0,0
0.000102,6.52411270371012,6.425065369833833,0.09904733387628714
0.000204,13.03857977913578,12.64647197572644,0.3921078034093437
0.000306,19.53376985865128,18.66092919638976,0.8728406622615261
0.000408,26.00008007486466,24.46523352686993,1.534846547994731
0.00051,32.42795025805627,30.05630716463018,2.371643093426087
0.000612,38.8078770704906,35.43122751353769,3.376649556952918
0.000714,45.13042805670444,40.58724057134118,4.543187485363257
0.000816,51.38625558899846,45.52175044790258,5.864505141095886
0.000918,57.56611068751464,50.23234048797369,7.333770199540957
0.00102,63.66085669446683,54.7167696342004,8.944087060266426
0.001122,69.66148278230786,58.97299902847482,10.68848375383304
0.001224,75.55911727586199,62.99918866525109,12.5599286106109
0.001326,81.34504076872624,66.79370652805451,14.55133424067171
0.001428,87.01069901454881,70.35512497819224,16.65557403635657
0.00153,92.54771557412516,73.6822355117197,18.86548006240547
0.001632,97.9479041996138,76.77406120623607,21.17384299337774
0.001734,103.2032809375619,79.62984714188889,23.57343379567302
0.001836,108.3060759328472,82.24907545629682,26.05700047655038
0.001938,113.2487449160845,84.63145965913199,28.61728525695249
0.00204,118.0239803575129,86.77696046978615,31.24701988772676
0.002142,122.6247222708737,88.68578310582407,33.93893916504964
0.002244,127.0441686513052,90.35837661368564,36.68579203761951
0.002346,131.2757855318228,91.79544575971674,39.48033977210609
0.002448,135.3133166435171,92.99794660839538,42.3153700351217
0.00255,139.1507926651852,93.96708428288062,45.18370838230457
0.002652,142.782540048724,94.70432718215355,48.07821286657042
0.002754,146.2031894072336,95.21139124813737,50.99179815909619
0.002856,149.4076834534318,95.49025396142034,53.91742949201145
0.002958,152.3912844766424,95.54314387962233,56.84814059702006
0.00306,155.1495813473025,95.37254244339846,59.77703890390408
0.003162,157.6784960386335,94.98118443248092,62.69731160615262
0.003264,159.9742896558334,94.37205913360059,65.6022305222328
0.003366,162.0335679638765,93.54840559503197,68.48516236884458
0.003468,163.8532864057488,92.51370615200734,71.33958025374149
0.00357,165.4307546036977,91.27168802967086,74.15906657402689
0.003672,166.7636403368438,89.82631827450061,76.93732206234316
0.003774,167.8499729892715,88.18179956655237,79.66817342271918
0.003876,168.6881464635032,86.34256895474746,82.34557750875578
0.003978,169.2769215550466,84.31329128558616,84.9636302694604
0.00408,169.615427784507,82.09884974025596,87.51657804425108
0.004182,169.7031646845552,79.70434489620172,89.99881978835353
0.004284,169.5400025398471,77.13509662016936,92.40490591967769
0.004386,169.1261825788022,74.3966178168717,94.72956476193053
0.004488,168.4623166169583,71.49462046367306,96.96769615328527
0.00459,167.549386152427,68.43501816234539,99.11436799008163
0.004692,166.3887409147899,65.22390491510902,101.1648359996809
0.004794,164.9820968695799,61.86754125206869,103.1145556175112
0.004896,163.3315336812978,58.37236079987682,104.959172881421
0.004998,161.439491638715,54.74497827718614,106.6945133615289
0.0051,159.3087680470084,50.99213165012361,108.3166363968847
0.005202,156.9425130920616,47.12070744547096,109.8218056465907
0.005304,154.3442251830468,43.13774696456272,111.2064782184841
0.005406,151.5177457801722,39.0504045866237,112.4673411935485
0.005508,148.4672537152442,34.86593964831665,113.6013140669275
0.00561,145.1972590134384,30.59172607833125,114.6055329351071
0.005712,141.712596225416,26.23525819991865,115.4773380254973
0.005814,138.0184172796426,21.80408020721623,116.2143370724263
0.005916,134.1201838654765,17.30581937021806,116.8143644952585
0.006018,130.0236593582895,12.74819889636771,117.2754604619218
0.00612,125.7349002985569,8.13897364720404,117.5959266513529
0.006222,121.2602474375149,3.485936091345323,117.7743113461696
0.006324,116.6063163626248,-1.203076006700243,117.8093923693251
0.006426,111.7799877167035,-5.920179952163892,117.7001676688674
0.006528,106.7883970251795,-10.65751841707397,117.4459154422535
0.00663,101.6389241465173,-15.40721730620646,117.0461414527237
0.006732,96.33918236140399,-20.16137629685004,116.500558658254
0.006834,90.89700711683213,-24.91215858819352,115.8091657050256
0.006936,85.32044444171807,-29.65174577743271,114.9721902191508
0.007038,79.61773905118446,-34.37234133362398,113.9900803848084
0.00714,73.79732215709252,-39.06622630612391,112.8635484632164
0.007242,67.86779900284809,-43.72574257022704,111.5935415730751
0.007344,61.83793614090753,-48.34327017864894,110.1812063195565
0.007446,55.71664847179682,-52.91131194554563,108.6279604173425
0.007548,49.51298606380256,-57.422458335176,106.9354443989786
0.00765,43.23612077282414,-61.86937947398749,105.1055002468116
0.007752,36.89533268216752,-66.24488237612837,103.1402150582959
0.007854,30.49999638232977,-70.54190156840895,101.0418979507387
0.007956,24.05956711105798,-74.75348560715557,98.81305271821356
0.008058,17.58356677417494,-78.87283768859433,96.45640446276927
0.00816,11.08156986783922,-82.89332432352666,93.97489419136588
0.008262,4.563189323052289,-86.8084592763999,91.37164859945219
0.008364,-1.961937706659287,-90.61192966872667,88.64999196206739
0.008466,-8.484164093372398,-94.2976177063077,85.81345361293531
0.008568,-14.99384699764337,-97.85958261828083,82.86573562063745
0.00867,-21.48136212504399,-101.2920759330167,79.81071380797273
0.008772,-27.93711795527846,-104.5895729526179,76.65245499733939
0.008874,-34.35156992284613,-107.7467527002767,73.39518277743061
0.008976,-40.71523452828354,-110.7585044054777,70.04326987719413
0.009078,-47.01870335912134,-113.6199658313671,66.60126247224575
0.00918,-53.25265699983044,-116.3265020886854,63.07384508885495
0.009282,-59.40787881018846,-118.8737052653505,59.46582645516201
0.009384,-65.47526855169725,-121.2574361823709,55.78216763067367
0.009486,-71.44585584190644,-123.4738033252313,52.02794748332486
0.009588,-77.31081341674839,-125.5191581006897,48.20834468394126
0.00969,-83.06147018128041,-127.3901357134115,44.32866553213104
0.009792,-88.68932402953641,-129.0836358394731,40.3943118099367
0.009894,-94.18605441453539,-130.5968154960734,36.41076108153803
0.009996,-99.54353464986319,-131.9271259346059,32.38359128474268
0.010098,-104.7538439246392,-133.0722954035153,28.31845147887611
0.0102,-109.809279014104,-134.0303233839946,24.22104436989056
0.010302,-114.7023656685161,-134.7995071146999,20.09714144618378
0.010404,-119.425869663518,-135.378430971883,15.952561308365
0.010506,-123.9728074956349,-135.7659616323647,11.79315413672974
0.010608,-128.3364567070934,-135.9612622471006,7.624805540007228
0.01071,-132.5103658246939,-135.9637900368052,3.453424212111281
0.010812,-136.4883638980453,-135.7732904083326,-0.7150734897126722
0.010914,-140.2645696230569,-135.3898028743939,-4.87476674866299
0.011016,-143.8334000372014,-134.8136621395068,-9.019737897694593
0.011118,-147.1895787736917,-134.0454925447549,-13.14408622893674
0.01122,-150.328143862369,-133.0862087440151,-17.2419351183539
0.011322,-153.2444550657685,-131.9370161663149,-21.30743889945356
0.011424,-155.934200739517,-130.5994069098547,-25.33479382966227
0.011526,-158.3934042069188,-129.0751578856363,-29.31824632128244
0.011628,-160.6184296383062,-127.366327203195,-33.25210243511122
0.01173,-162.6059874264625,-125.4752523350967,-37.13073509136582
0.011832,-164.353139050168,-123.404548002893,-40.94859104727505
0.011934,-165.8573014186816,-121.1570958936197,-44.70020552506191
0.012036,-167.1162506907326,-118.7360455702562,-48.38020512047638
0.012138,-168.1281255623767,-116.1448138676232,-51.98331169475346
0.01224,-168.8914300188567,-113.387066225755,-55.5043637931017
0.012342,-169.4050355463979,-110.4667205192726,-58.93831502712526
0.012444,-169.6681828006681,-107.3879492558488,-62.28023354481931
0.012546,-169.6804827294369,-104.1551515665408,-65.52533116289608
0.012648,-169.4419171477731,-100.7729599055829,-68.66895724219022
0.01275,-168.9528387649303,-97.24624591473787,-71.70659285019244
0.012852,-168.213970662881,-93.58008276011495,-74.63388790276608
0.012954,-167.2264052272702,-89.77975566850546,-77.44664955876479
0.013056,-165.9916025323687,-85.85076597606314,-80.14083655630557
0.013158,-164.5113881824143,-81.79879597832692,-82.7125922040874
0.01326,-162.7879506125321,-77.62971130336591,-85.15823930916618
0.013362,-160.8238378532245,-73.34956789299683,-87.47426996022766
0.013464,-158.6219537632146,-68.96458154388203,-89.6573722193326
0.013566,-156.1855537362123,-64.48111913488965,-91.70443460132263
0.013668,-153.5182398879503,-59.90570927262495,-93.61253061532538
0.01377,-150.6239557306068,-55.24501810924299,-95.37893762136379
0.013872,-147.5069803424869,-50.50582820988782,-97.00115213259906
0.013974,-144.1719220415845,-45.69505291077702,-98.47686913080751
0.014076,-140.623711572376,-40.81971939843669,-99.80399217393926
0.014178,-136.8675948159204,-35.8869349857726,-100.9806598301478
0.01428,-132.9091250340441,-30.90390494018018,-102.0052200938639
0.014382,-128.7541546590737,-25.87792321752127,-102.8762314415524
0.014484,-124.4088266412602,-20.81632674746038,-103.5924998937998
0.014586,-119.8795653666828,-15.72651626150092,-104.1530491051819
0.014688,-115.1730671590627,-10.61595457269816,-104.5571125863645
0.01479,-110.2962903795281,-5.492110145108384,-104.8041802344197
0.014892,-105.2564451389673,-0.3624802853032634,-104.893964853664
0.014994,-100.0609826381808,4.765403554497937,-104.8263861926787
0.015096,-94.71758415159248,9.884041127029548,-104.601625278622
0.015198,-89.23414967080544,14.98593858060752,-104.220088251413
0.0153,-83.61878622479452,20.063596977972,-103.6823832027665
0.015402,-77.87979589400221,25.1095844031491,-102.9893802971513
0.015504,-72.02566353605933,30.11650935112397,-102.1421728871833
0.015606,-66.06504424127755,35.07700905498956,-101.1420532962671
0.015708,-60.00675053645907,39.98381615016164,-99.99056668662071
0.01581,-53.85973935594417,44.82973985124399,-98.68947920718816
0.015912,-47.633098799157,49.60765554453894,-97.24075434369594
0.016014,-41.33603469423074,54.3105542429123,-95.64658893714304
0.016116,-34.97785698757507,58.93154301926376,-93.90940000683884
0.016218,-28.56796597950767,63.46382988302719,-92.03179586253486
0.01632,-22.11583842630459,67.90075887953618,-90.01659730584078
0.016422,-15.63101352921012,72.23582666889203,-87.86684019810215
0.016524,-9.123078831126863,76.46266382895003,-85.58574266007689
0.016626,-2.601656041833009,80.57505740738958,-83.17671344922259
0.016728,3.923613187313007,84.56698017420038,-80.64336698688737
0.01683,10.44308151815214,88.43256954030191,-77.98948802214977
0.016932,16.94711018891151,92.16613959593145,-75.21902940701995
0.017034,23.42608326471063,95.7622194067072,-72.33613614199658
0.017136,29.87042185432075,99.21553071533317,-69.34510886101242
0.017238,36.27059827215493,102.5209916070216,-66.25039333486669
0.01734,42.61715012455382,105.6737602417897,-63.05661011723585
0.017442,48.90069429953893,108.6692124268052,-59.7685181272663
0.017544,55.11194083935363,111.5029390506552,-56.39099821130153
0.017646,61.24170667527564,114.1707918240912,-52.92908514881554
0.017748,67.28092920440288,116.6688616834637,-49.38793247906079
0.01785,73.22067968833261,118.9934720451535,-45.77279235682092
0.017952,79.05217645392781,121.1412234363186,-42.08904698239074
0.018054,84.76679787665553,123.1089735272866,-38.34217565063103
0.018156,90.35609512729816,124.8938280915523,-34.53773296425418
0.018258,95.81180466319499,126.4931818181436,-30.68137715494857
0.01836,101.1258604455445,127.9046996258666,-26.77883918032205
0.018462,106.2904058647074,129.1263117845997,-22.83590591989233
0.018564,111.297805355874,130.1562390927901,-18.85843373691604
0.018666,116.1406556879301,130.9929859716634,-14.85233028373334
0.018768,120.8117969088231,131.6353338752457,-10.82353696642267
0.01887,125.3043229312545,132.0823550345254,-6.778032103270965
0.018972,129.6115917430398,132.3334131176024,-2.721821374562632
0.019074,133.7272352270466,132.3881559252444,1.339079301802177
0.019176,137.6451685761911,132.24652120285,5.398647373341021
0.019278,141.3595992895697,131.9087401520591,9.450859137510587
0.01938,144.8650357364311,131.3753307036243,13.48970503280678
0.019482,148.1562952753224,130.6470984279239,17.50919684739846
0.019584,151.2285119164085,129.7251388907534,21.50337302565519
0.019686,154.0771435156346,128.6108325151019,25.46631100053266
0.019788,156.6979784900971,127.3058432039215,29.39213528617555
0.01989,159.0871420446922,125.8121163014252,33.27502574326702
0.019992,161.24110190084,124.1318757682924,37.10922613254758
0.020094,163.1566735188098,122.2676226785061,40.88905084030365
0.020196,164.8310248059295,120.2221263410303,44.60889846489914
0.020298,166.2616803037166,117.9984242321795,48.26325607153716
0.0204,167.4465248477404,115.5998220626393,51.84670278510112
0.020502,168.3838066948034,113.0298763997628,55.35393029504063
0.020604,169.0721401128215,110.2923975377623,58.77974257505915
0.020706,169.5105074295704,107.3914523704909,62.11905505907946
0.020808,169.698260537272,104.3313376028281,65.36692293444395
0.02091,169.6351218507942,101.116585921323,68.51853592947124
0.021012,169.3211847180494,97.75197037992307,71.56921433812629
0.021114,168.7569132819828,94.2424721547988,74.51444112718403
0.021216,167.9431417943575,90.59328638047958,77.34985541387792
0.021318,166.8810733823471,86.80982652689791,80.07124685544922
0.02142,165.5722782697628,82.897694670232,82.67458359953085
0.021522,164.0186914555433,78.86267873534396,85.15601272019939
0.021624,162.2226098529391,74.71076006135979,87.51184979157935
0.021726,160.1866888936226,70.44808796804634,89.73860092557626
0.021828,157.9139386017429,66.08096622266726,91.83297237907564
0.02193,155.407719143731,61.61586414961218,93.79185499411881
0.022032,152.6717358604338,57.05939706896331,95.61233879147053
0.022134,149.7100337889225,52.41830086531164,97.29173292361091
0.022236,146.5269916820745,47.69944666433564,98.82754501773881
0.022338,143.1273155347686,42.9098280817563,100.2174874530123
0.02244,139.51603162627,38.0565237122909,101.4595079139791
0.022542,135.6984790890849,33.14671511751774,102.5517639715671
0.022644,131.6803020152765,28.18768125592693,103.4926207593496
0.022746,127.4674411119103,23.18674951361626,104.2806915982941
0.022848,123.0661249179666,18.15131652759574,104.9148083903709
0.02295,118.4828605957065,13.08884968126726,105.3940109144392
0.023052,113.7244243101021,8.006827953020931,105.7175963570811
0.023154,108.7978512105621,2.912764938973041,105.885086271589
0.023256,103.7104250297553,-2.185783100732948,105.8962081304882
0.023358,98.46966731491582,-7.281284798860881,105.7509521137767
0.02346,93.08332630755072,-12.36620919586841,105.4495355034191
0.023562,87.55936548798753,-17.43301196623908,104.9923774542266
0.023664,81.90595180170114,-22.47420925745821,104.3801610591593
0.023766,76.13144358482567,-27.48235055128453,103.6137941361102
0.023868,70.24437820670474,-32.45001006927836,102.6943882759831
0.02397,64.25345944774452,-37.36984484366242,101.6233042914069
0.024072,58.16754463124025,-42.23458554574891,100.4021301769892
0.024174,51.99563152819323,-47.03702379204157,99.0326553202348
0.024276,45.74684505448054,-51.77005521785493,97.51690027233548
0.024378,39.43042378004907,-56.42668821902228,95.85711199907135
0.02448,33.05570627007512,-61.00002695079958,94.0557332208747
0.024582,26.63211727828599,-65.48330102218182,92.11541830046781
0.024684,20.16915381285382,-69.86988915268911,90.03904296554293
0.024786,13.67637109546693,-74.15329896550018,87.82967006096712
0.024888,7.163368434333787,-78.32718502470816,85.49055345904195
0.02499,0.6397750320034689,-82.3853840631557,83.02515909515917
0.025092,-5.884764251004065,-86.32189271270008,80.43712846169601
0.025194,-12.40060315572497,-90.13087582433326,77.73027266860829
0.025296,-18.8981082863412,-93.80670977413638,74.90860148779518
0.025398,-25.36767335275439,-97.34395924870788,71.97628589595348
0.0255,-31.79973337308474,-100.737377890408,68.93764451732322
0.025602,-38.18477881509714,-103.981956215809,65.79717740071186
0.025704,-44.5133696556491,-107.0728984931402,62.55952883749111
0.025806,-50.77614933736792,-110.0056177543501,59.22946841698216
0.025908,-56.96385860193316,-112.7757850396198,55.81192643768659
0.02601,-63.067349179502,-115.3793072772472,52.31195809774525
0.026112,-69.07759731404471,-117.8123186150695,48.73472130102483
0.026214,-74.98571710459115,-120.0712280089985,45.08551090440736
0.026316,-80.78297364266443,-122.1526983256996,41.36972468303512
0.026418,-86.46079592647877,-124.0536384332152,37.59284250673645
0.02652,-92.0107895328065,-125.7712412542507,33.76045172144423
0.026622,-97.42474902778497,-127.3029695634492,29.8782205356642
0.026724,-102.6946700983054,-128.6465497337163,25.95187963541089
0.026826,-107.812761386057,-129.7999947256913,21.98723333963427
0.026928,-112.7714560067247,-130.7616014762703,17.99014546954557
0.02703,-117.5634227373117,-131.5299427700511,13.96652003273939
0.027132,-122.1815768550466,-132.1038796995786,9.922302844531982
0.027234,-126.6190906118505,-132.4825655745613,5.863474962710802
0.027336,-130.8694033288771,-132.6654373814557,1.796034052578523
0.027438,-134.926231096203,-132.6522209397595,-2.274010156443496
0.02754,-138.7835760633256,-132.4429368487344,-6.34063921459123
0.027642,-142.4357353067355,-132.0378927470425,-10.39784255969306
0.027744,-145.8773092614498,-131.4376840443373,-14.43962521711243
0.027846,-149.1032097040443,-130.6431981067466,-18.46001159729767
0.027948,-152.1086672753796,-129.6556082570096,-22.45305901837003
0.02805,-154.8892385318988,-128.4763725589481,-26.41286597295063
0.028152,-157.4408125150732,-127.1072331865454,-30.33357932852779
0.028254,-159.7596168292841,-125.5502128274407,-34.20940400184345
0.028356,-161.842223219151,-123.8076135624836,-38.03460965666748
0.028458,-163.6855526380643,-121.8820091304919,-41.80354350757245
0.02856,-165.2868798004279,-119.7762441270112,-45.51063567341669
0.028662,-166.6438372108791,-117.4934345725412,-49.15040263833789
0.028764,-167.7544186645326,-115.036951543749,-52.71746712078365
0.028866,-168.6169822130703,-112.410423306196,-56.20655890687432
0.028968,-169.2302525922931,-109.6177387214355,-59.61251387085763
0.02907,-169.5933231075463,-106.6630214374047,-62.93030167014165
0.029172,-169.7056569742294,-103.5506356896421,-66.15502128458736
0.029274,-169.5670881114099,-100.2851891647433,-69.2818989466666
0.029376,-169.1778213873669,-96.8715058255071,-72.30631556185976
0.029478,-168.5384323167019,-93.31462725670438,-75.22380505999756
0.02958,-167.6498662094649,-89.61981754975444,-78.03004865971046
0.029682,-166.5134367735523,-85.79253815048651,-80.72089862306581
0.029784,-165.1308241724451,-81.83844069440765,-83.29238347803745
0.029886,-163.5040725411571,-77.763375039469,-85.74069750168806
0.029988,-161.6355869640666,-73.57336820303009,-88.06221876103648
0.03009,-159.5281299190999,-69.27460665612494,-90.25352326297491
0.030192,-157.1848171935222,-64.87344781017946,-92.31136938334272
0.030294,-154.6091132773774,-60.37640453263526,-94.23270874474213
0.030396,-151.8048262413831,-55.79011588906502,-96.0147103523181
0.030498,-148.7761021068576,-51.12136207169303,-97.65474003516456
0.0306,-145.5274187160001,-46.37705536951059,-99.15036334648953
0.030702,-142.0635791115884,-41.56419925105922,-100.4993798605291
0.030804,-138.38970443588,-36.68990645727459,-101.6997979786054
0.030906,-134.5112263592179,-31.76139675703459,-102.7498296021833
0.031008,-130.4338790495317,-26.785945034083,-103.6479340154487
0.03111,-126.1636906946112,-21.77090205822962,-104.3927886363816
0.031212,-121.7069745896801,-16.72369889100464,-104.9832756986755
0.031314,-117.0703198034558,-11.65178526621895,-105.4185345372368
0.031416,-112.2605814364817,-6.562652403428302,-105.6979290330534
0.031518,-107.2848704861533,-1.463843546889294,-105.821026939264
0.03162,-102.1505433333996,3.637115594455139,-105.7876589278547
0.031722,-96.86519086658421,8.732691890058391,-105.5978827566426
0.031824,-91.43662725869399,13.81533307583649,-105.2519603345305
0.031926,-85.87287841440796,18.87753486293462,-104.7504132773426
0.032028,-80.18217010413466,23.91182167431175,-104.0939917784464
0.03213,-74.37291580255368,28.91073677165267,-103.2836525742063
0.032232,-68.45370424964361,33.86689318003793,-102.3205974296815
0.032334,-62.4332867525884,38.77297350535488,-101.2062602579433
0.032436,-56.32056424733613,43.62171516664845,-99.94227941398458
0.032538,-50.12457413893711,48.40594750389124,-98.53052164282835
0.03264,-43.85447694011489,53.11860830200192,-96.97308524211681
0.032742,-37.51954272783469,57.75272508772413,-95.27226781555882
0.032844,-31.1291374378783,62.30143974294977,-93.43057718082807
0.032946,-24.69270901770085,66.75803882737065,-91.4507478450715
0.033048,-18.21977345803336,71.11593200672723,-89.33570546476059
0.03315,-11.71990072388921,75.36866582294095,-87.08856654683017
0.033252,-5.202700605770647,79.5099645800188,-84.71266518578945
0.033354,1.322191488008295,83.53370700578749,-82.21151551777919
0.033456,7.845128776866274,87.43393103773609,-79.58880226086981
0.033558,14.35646737032182,91.20488190006935,-76.84841452974753
0.03366,20.84658052607804,94.84098807230137,-73.99440754622334
0.033762,27.30587288276399,98.33685904572732,-71.03098616296333
0.033864,33.7247946462715,101.6873372532792,-67.96254260700771
0.033966,40.0938557087306,104.887474335447,-64.79361862671641
0.034068,46.40363967923493,107.9325238187396,-61.5288841395047
0.03417,52.64481780558555,110.8179937405966,-58.17317593501109
0.034272,58.80816276646015,113.5396240767598,-54.73146131029971
0.034374,64.88456231362071,116.0933762039633,-51.20881389034259
0.034476,70.86503274399614,118.4754833635068,-47.61045061951067
0.034578,76.74073218170803,120.682428791324,-43.941696609616
0.03468,82.5029736504183,122.7109394895616,-40.20796583914325
0.034782,88.14323791665824,124.5580204233934,-36.41478250673512
0.034884,93.65318608516364,126.2209458991487,-32.56775981398502
0.034986,99.02467192757818,127.6972514352179,-28.67257950763969
0.035088,104.2497539263161,128.9847546083631,-24.73500068204697
0.03519,109.3207070157617,130.0815568086779,-20.76084979291618
0.035292,114.230034003459,130.9860335991058,-16.75599959564678
0.035394,118.9704766543956,131.6968457812919,-12.72636912689633
0.035496,123.5350264220007,132.2129466889598,-8.677920266959108
0.035598,127.9169348099899,132.5335724177805,-4.616637607790676
0.0357,132.109723349733,132.6582461822679,-0.5485228325349335
0.035802,136.1071931784016,132.5867868795986,3.520406298803014
0.035904,139.9034342037272,132.3193003271481,7.584133876579113
0.036006,143.4928338418279,131.8561796479231,11.63665419390487
0.036108,146.8700853151771,131.1981115009042,15.67197381427299
0.03621,150.0301954984548,130.3460691999965,19.6841262984583
0.036312,152.9684923006728,129.3013114776964,23.66718082297637
0.036414,155.6806315726679,128.0653834987928,27.61524807387513
0.036516,158.1626035297445,126.6401124655935,31.52249106415097
0.036618,160.4107386799731,125.0276066892836,35.38313199068945
0.03672,162.4217132493824,123.2302492467561,39.19146400262629
0.036822,164.1925540960193,121.2506964151866,42.9418576808327
0.036924,165.7206431056154,119.0918785477664,46.62876455784905
0.037026,167.0037210623598,116.7569849672205,50.24673609513929
0.037128,168.0398909890556,114.2494655603216,53.79042542873399
0.03723,168.8276209517205,111.5730333700882,57.25458758163228
0.037332,169.3657463244887,108.7316423312678,60.63410399322088
0.037434,169.6534715114603,105.7294902792781,63.92398123218218
0.037536,169.6903711229575,102.5710216439543,67.1193494790032
0.037638,169.476390604445,99.26090459450236,70.21548600994268
0.03774,169.011846317187,95.80402855509678,73.20781776209026
0.037842,168.2974250705198,92.2055094041738,76.09191566634595
0.037944,167.3341831064331,88.47066847469112,78.86351463174195
0.038046,166.1235445379606,84.60502162035043,81.51852291761016
0.038148,164.6672992436878,80.61428752808364,84.05301171560411
0.03825,162.9676002214914,76.50437062251912,86.46322959897226
0.038352,161.0269604054224,72.28133979650624,88.74562060891611
0.038454,158.8482489504368,67.9514400955031,90.89680885493374
0.038556,156.4346869904714,63.52108093191183,92.91360605855959
0.038658,153.7898428761301,58.99680357493871,94.79303930119137
0.03876,150.9176268990267,54.38529616143775,96.53233073758896
0.038862,147.8222855105842,49.69338803577973,98.12889747480442
0.038964,144.50839504383,44.92800596317785,99.58038908065218
0.039066,140.9808549474821,40.09619216880097,100.8846627786812
0.039168,137.2448805423159,35.20510509550515,102.0397754468108
0.03927,133.3059953105325,30.26196504418233,103.0440302663501
0.039372,129.1700227295183,25.27407474560329,103.895947983915
0.039474,124.8430776620791,20.24882638132621,104.5942512807529
0.039576,120.3315573158693,15.19363795337968,105.1379193624897
0.039678,115.6421317853888,10.11597575278769,105.5261560326012
0.03978,110.7817341905246,5.023367124180382,105.7583670663442
0.039882,105.757550426224,-0.07667067958772122,105.8342211058117
0.039984,100.5770085384499,-5.176605041946161,105.753613580396
0.040086,95.247767742121,-10.26887932874273,105.5166470708637
0.040188,89.77770709728753,-15.34597137462283,105.1236784719104
0.04029,84.17491386026553,-20.40038379845161,104.5752976587171
0.040392,78.44767152696912,-25.42463192324757,103.8723034502167
0.040494,72.60444758610423,-30.41128813570715,103.0157357218114
0.040596,66.6538810003444,-35.35299009087036,102.0068710912148
0.040698,60.60476943397966,-40.24242410840406,100.8471935423837
0.0408,54.46605624594284,-45.07235660705147,99.53841285299431
0.040902,48.24681726742262,-49.83565788499724,98.08247515241986
0.041004,41.9562473836274,-54.52528192722103,96.48152931084843
0.041106,35.60364693953247,-59.1342861841019,94.73793312363438
0.041208,29.19840798970504,-63.65586810439103,92.85427609409608
0.04131,22.75000041254829,-68.08334238773227,90.83334280028056
0.041412,16.26795790947529,-72.41015069178459,88.67810860125988
0.041514,9.761863909737155,-76.62990778513252,86.39177169486968
0.041616,3.24133740171522,-80.73637730838209,83.9777147100973
0.041718,-3.283981288345771,-84.72347319196194,81.43949190361617
0.04182,-9.804444749161483,-88.58531217144554,78.78086742228406
0.041922,-16.31041274769954,-92.31618908812018,76.00577634042064
0.042024,-22.79226648186582,-95.91057188942118,73.11830540755535
0.042126,-29.24042280149884,-99.36315728922276,70.12273448772392
0.042228,-35.64534837665543,-102.6688465541721,67.02349817751664
0.04233,-41.99757379224671,-105.8227359521518,63.82516215990513
0.042432,-48.28770754816744,-108.8201725221245,60.53246497395705
0.042534,-54.50644994424061,-111.656730623773,57.15028067953243
0.042636,-60.64460682943255,-114.3282023226319,53.68359549319933
0.042738,-66.69310319502711,-116.8306451076212,50.13754191259408
0.04284,-72.64299659164004,-119.1603645883455,46.51736799670545
0.042942,-78.48549035026174,-121.3139072423042,42.82841689204248
0.043044,-84.21194658776348,-123.2880912364035,39.07614464864001
0.043146,-89.81389897764858,-125.0800033824014,35.26610440475284
0.043248,-95.28306526716167,-126.6869892061453,31.40392393898367
0.04335,-100.6113595222521,-128.106671541125,27.49531201887291
0.043452,-105.7909040822934,-129.3369566985736,23.54605261628019
0.043554,-110.8140412068719,-130.3760233685265,19.56198216165465
0.043656,-115.6733443974397,-131.2223321583164,15.54898776087669
0.043758,-120.36162937708,-131.8746363607953,11.51300698371527
0.04386,-124.8719647121615,-132.3319709913617,7.460006279200201
0.043962,-129.1976820601751,-132.5936561952672,3.395974135092088
0.044064,-133.3323860285983,-132.6593085518313,-0.6730774767669335
0.044166,-137.2699636302159,-132.5288313135157,-4.741132316700226
0.044268,-141.0045933209175,-132.2024142832899,-8.802179037627621
0.04437,-144.5307536066066,-131.6805422373262,-12.85021136928036
0.044472,-147.8432312065,-130.9639871761696,-16.87924403033036
0.044574,-150.9371287607451,-130.0538068988404,-20.88332186190465
0.044676,-153.8078720709624,-128.9513478254046,-24.85652424555784
0.044778,-156.4512168630063,-127.6582398097473,-28.792977053259
0.04488,-158.8632550619473,-126.1763952313166,-32.68685983063073
0.044982,-161.0404205699991,-124.5080042185963,-36.53241635140281
0.045084,-162.9794945388428,-122.6555323199908,-40.32396221885205
0.045186,-164.6776101285622,-120.621721516514,-44.05588861204826
0.045288,-166.1322567461453,-118.4095765570662,-47.72268018907906
0.04539,-167.341283757292,-116.0223660304156,-51.31891772687636
0.045492,-168.3029036660369,-113.4636238826764,-54.83927978336045
0.045594,-169.0156947574876,-110.737131063796,-58.27856369369164
0.045696,-169.4786031997708,-107.8469154831854,-61.63168771658544
0.045798,-169.6909446020785,-104.7972548169228,-64.89368978515574
0.0459,-169.6524050265117,-101.5926574288118,-68.0597475976999
0.046002,-169.363041452224,-98.23785668530277,-71.12518476692119
0.046104,-168.8232816911803,-94.73781629961707,-74.08546539156325
0.046206,-168.0339237556555,-91.09771305724296,-76.93621069841258
0.046308,-166.9961346784054,-87.32292271314211,-79.67321196526333
0.04641,-165.7114487872586,-83.41902842059658,-82.29242036666206
0.046512,-164.1817654366761,-79.39180720327893,-84.78995823339717
0.046614,-162.4093461996351,-75.2472056885092,-87.16214051112594
0.046716,-160.3968115239887,-70.99135183398749,-89.40545969000118
0.046818,-158.1471368582414,-66.63054646979923,-91.51659038844217
0.04692,-155.6636482524747,-62.17122806619878,-93.49242018627592
0.047022,-152.950017440919,-57.61998768058046,-95.33002976033853
0.047124,-150.0102564134496,-52.98356632562384,-97.02669008782571
0.047226,-146.8487114840252,-48.26880880550223,-98.57990267852296
0.047328,-143.4700568648464,-43.48268156485426,-99.98737529999218
0.04743,-139.8792877557258,-38.63227613680141,-101.2470116189244
0.047532,-136.0817129588953,-33.72475279073232,-102.356960168163
0.047634,-132.082947030163,-28.76736077843042,-103.3155862517326
0.047736,-127.8889019780275,-23.76744768732389,-104.1214542907037
0.047838,-123.5057785230176,-18.73239421540529,-104.7733843076123
0.04794,-118.9400569301887,-13.66963684127634,-105.2704200889124
0.048042,-114.1984874283209,-8.586679245132487,-105.6118081831884
0.048144,-109.2880802299868,-3.491026585977181,-105.7970536440096
0.048246,-104.2160951672453,1.609795364842554,-105.8258905320879
0.048348,-98.99003095828175,6.708231116320931,-105.6982620746027
0.04845,-93.61761412086885,11.79674649177765,-105.4143606126465
0.048552,-88.10678754902914,16.86782784451516,-104.9746153935443
0.048654,-82.46569876980149,21.91396802445541,-104.3796667942569
0.048756,-76.70268789745874,26.9277045276646,-103.6303924251233
0.048858,-70.8262753030008,31.9016354917086,-102.7279107947094
0.04896,-64.8451490171376,36.82840148325309,-101.6735505003907
0.049062,-58.76815188540283,41.70071156220158,-100.4688634476044
0.049164,-52.60426849437199,46.51137379822434,-99.11564229259633
0.049266,-46.36261188832788,51.25327379152461,-97.6158856798525
0.049368,-40.0524100960068,55.91938987199569,-95.97179996800249
0.04947,-33.68299248733863,60.50283539256144,-94.18582787990007
0.049572,-27.26377598036989,64.99683498650029,-92.26061096687017
0.049674,-20.80425111873527,69.39473042369139,-90.19898154242665
0.049776,-14.31396804029272,73.69003164434287,-88.00399968463559
0.049878,-7.802522357635552,77.87639177973094,-85.67891413736649
0.04998,-1.279540971387587,81.9476053756416,-83.22714634702919
0.050082,5.245332162771751,85.89766501691795,-80.65233285414621
0.050184,11.76245029229453,89.72073610227382,-77.95828580997929
0.050286,18.26217813008104,93.41114922855755,-75.14897109847651
0.050388,24.73490609985434,96.96345930300723,-72.22855320315288
0.05049,31.17106454351284,100.372420976464,-69.20135643295113
0.050592,37.56113786947514,103.6329769724215,-66.0718391029464
0.050694,43.89567862108014,106.7403167674862,-62.8446381464061
0.050796,50.16532144426208,109.6898521573396,-59.52453071307747
0.050898,56.36079693383147,112.4772097437977,-56.11641280996618
0.051,62.47294533790549,115.0982735223004,-52.62532818439493
0.051,62.47294533790549,115.0982735223004,-52.62532818439493
